

/*!40101 SET @OLD_CHARACTER_SET_CLIENT=@@CHARACTER_SET_CLIENT */;
/*!40101 SET @OLD_CHARACTER_SET_RESULTS=@@CHARACTER_SET_RESULTS */;
/*!40101 SET @OLD_COLLATION_CONNECTION=@@COLLATION_CONNECTION */;
/*!40101 SET NAMES utf8 */;

/*!40014 SET @OLD_UNIQUE_CHECKS=@@UNIQUE_CHECKS, UNIQUE_CHECKS=0 */;
/*!40014 SET @OLD_FOREIGN_KEY_CHECKS=@@FOREIGN_KEY_CHECKS, FOREIGN_KEY_CHECKS=0 */;
/*!40101 SET @OLD_SQL_MODE=@@SQL_MODE, SQL_MODE='NO_AUTO_VALUE_ON_ZERO' */;


--
-- Create schema zis
--


--  If you do not know how to create a MySQL DB use the 
--  statement below. Then use the database.

--  CREATE DATABASE IF NOT EXISTS openzis;
--  USE openzis;

DROP TABLE IF EXISTS `admin_level`;
CREATE TABLE  `admin_level` (
  `LEVEL_ID` int(10) unsigned NOT NULL AUTO_INCREMENT,
  `LEVEL_DESC` varchar(255) NOT NULL DEFAULT '',
  PRIMARY KEY (`LEVEL_ID`)
) ENGINE=InnoDB AUTO_INCREMENT=3 DEFAULT CHARSET=utf8;
INSERT INTO `admin_level` (`LEVEL_ID`,`LEVEL_DESC`) VALUES (1,'Super Admin'), (2,'Member');

DROP TABLE IF EXISTS `agent`;
CREATE TABLE  `agent` (
  `AGENT_ID` int(10) unsigned NOT NULL AUTO_INCREMENT,
  `AGENT_NAME` varchar(255) NOT NULL DEFAULT '',
  `SOURCE_ID` varchar(255) NOT NULL DEFAULT '',
  `PASSWORD` varchar(45),
  `USERNAME` varchar(45),
  `IPADDRESS` varchar(20) DEFAULT NULL,
  `MAXBUFFERSIZE` varchar(20) DEFAULT NULL,
  `CERT_COMMON` varchar(4000) NOT NULL,
  `ADMIN_ID` int(10) unsigned NOT NULL DEFAULT '0',
  `ACTIVE` int(10) unsigned NOT NULL DEFAULT '1',
  PRIMARY KEY (`AGENT_ID`)
) ENGINE=InnoDB AUTO_INCREMENT=5 DEFAULT CHARSET=utf8;


DROP TABLE IF EXISTS `agent_modes`;
CREATE TABLE  `agent_modes` (
  `AGENT_MODE_ID` int(10) unsigned NOT NULL AUTO_INCREMENT,
  `MODE_DESC` varchar(45) NOT NULL DEFAULT '',
  PRIMARY KEY (`AGENT_MODE_ID`)
) ENGINE=InnoDB AUTO_INCREMENT=3 DEFAULT CHARSET=utf8;
INSERT INTO `agent_modes` (`AGENT_MODE_ID`,`MODE_DESC`) VALUES 
 (1,'Push'),
 (2,'Pull');

DROP TABLE IF EXISTS `agent_permissions`;
CREATE TABLE  `agent_permissions` (
  `PERMISSION_ID` int(10) unsigned NOT NULL AUTO_INCREMENT,
  `AGENT_ID` int(10) unsigned NOT NULL DEFAULT '0',
  `CONTEXT_ID` int(10) unsigned NOT NULL DEFAULT '0',
  `OBJECT_ID` int(10) unsigned NOT NULL DEFAULT '0',
  `CAN_PROVIDE` int(10) unsigned NOT NULL DEFAULT '0',
  `CAN_SUBSCRIBE` int(10) unsigned NOT NULL DEFAULT '0',
  `CAN_ADD` int(10) unsigned NOT NULL DEFAULT '0',
  `CAN_UPDATE` int(10) unsigned NOT NULL DEFAULT '0',
  `CAN_DELETE` int(10) unsigned NOT NULL DEFAULT '0',
  `CAN_REQUEST` int(10) unsigned NOT NULL DEFAULT '0',
  `CAN_RESPOND` int(10) unsigned NOT NULL DEFAULT '0',
  `ZONE_ID` int(10) unsigned NOT NULL DEFAULT '0',
  PRIMARY KEY (`PERMISSION_ID`)
) ENGINE=InnoDB AUTO_INCREMENT=12 DEFAULT CHARSET=utf8;

DROP TABLE IF EXISTS `agent_provisions`;
CREATE TABLE  `agent_provisions` (
  `PROVISION_ID` int(10) unsigned NOT NULL AUTO_INCREMENT,
  `AGENT_ID` int(10) unsigned NOT NULL DEFAULT '0',
  `OBJECT_TYPE_ID` int(10) unsigned NOT NULL DEFAULT '0',
  `PROVISION_TIMESTAMP` datetime NOT NULL DEFAULT '0000-00-00 00:00:00',
  `CONTEXT_ID` int(10) unsigned NOT NULL DEFAULT '0',
  `PUBLISH_ADD` int(10) unsigned DEFAULT '0',
  `PUBLISH_DELETE` int(10) unsigned DEFAULT '0',
  `PUBLISH_CHANGE` int(10) unsigned DEFAULT '0',
  `ZONE_ID` int(10) unsigned NOT NULL DEFAULT '0',
  PRIMARY KEY (`PROVISION_ID`)
) ENGINE=InnoDB AUTO_INCREMENT=8 DEFAULT CHARSET=utf8;


DROP TABLE IF EXISTS `agent_registered`;
CREATE TABLE  `agent_registered` (
  `REGISTRATION_ID` int(10) unsigned NOT NULL AUTO_INCREMENT,
  `AGENT_ID` int(10) unsigned NOT NULL DEFAULT '0',
  `CALLBACK_URL` varchar(255) DEFAULT NULL,
  `AGENT_MODE_ID` int(10) unsigned NOT NULL DEFAULT '0',
  `REGISTER_TIMESTAMP` datetime NOT NULL DEFAULT '0000-00-00 00:00:00',
  `UNREGISTER_TIMESTAMP` datetime DEFAULT NULL,
  `ASLEEP` int(10) unsigned NOT NULL DEFAULT '0',
  `PROTOCOL_TYPE` varchar(255) DEFAULT NULL,
  `SIF_VERSION` varchar(45) NOT NULL DEFAULT '',
  `SECURE` int(10) unsigned NOT NULL DEFAULT '0',
  `MAXBUFFERSIZE` bigint(20) unsigned NOT NULL DEFAULT '0',
  `ZONE_ID` int(10) unsigned NOT NULL DEFAULT '0',
  `CONTEXT_ID` int(10) unsigned NOT NULL DEFAULT '0',
  `FROZEN` int(10) unsigned NOT NULL DEFAULT '0',
  `FROZEN_MSG_ID` varchar(255) DEFAULT NULL,
  `AUTHENTICATION_LEVEL_ID` tinyint(3) unsigned NOT NULL DEFAULT '0',
  PRIMARY KEY (`REGISTRATION_ID`)
) ENGINE=InnoDB AUTO_INCREMENT=7 DEFAULT CHARSET=utf8;


DROP TABLE IF EXISTS `agent_subscriptions`;
CREATE TABLE  `agent_subscriptions` (
  `SUBSCRIPTION_ID` int(10) unsigned NOT NULL AUTO_INCREMENT,
  `AGENT_ID` int(10) unsigned NOT NULL DEFAULT '0',
  `OBJECT_TYPE_ID` int(10) unsigned NOT NULL DEFAULT '0',
  `SUBSCRIBE_TIMESTAMP` datetime NOT NULL DEFAULT '0000-00-00 00:00:00',
  `CONTEXT_ID` int(10) unsigned NOT NULL DEFAULT '0',
  `ZONE_ID` int(10) unsigned NOT NULL DEFAULT '0',
  PRIMARY KEY (`SUBSCRIPTION_ID`)
) ENGINE=InnoDB AUTO_INCREMENT=8 DEFAULT CHARSET=utf8;


DROP TABLE IF EXISTS `agent_zone_context`;
CREATE TABLE  `agent_zone_context` (
  `ZONE_ID` int(10) unsigned NOT NULL DEFAULT '0',
  `AGENT_ID` int(10) unsigned NOT NULL DEFAULT '0',
  `CONTEXT_ID` int(10) unsigned NOT NULL DEFAULT '0',
  PRIMARY KEY (`ZONE_ID`,`AGENT_ID`,`CONTEXT_ID`)
) ENGINE=InnoDB DEFAULT CHARSET=utf8;


DROP TABLE IF EXISTS `context`;
CREATE TABLE  `context` (
  `CONTEXT_ID` int(10) unsigned NOT NULL AUTO_INCREMENT,
  `CONTEXT_DESC` varchar(255) NOT NULL DEFAULT '',
  PRIMARY KEY (`CONTEXT_ID`)
) ENGINE=InnoDB AUTO_INCREMENT=2 DEFAULT CHARSET=utf8;
INSERT INTO `context` (`CONTEXT_ID`,`CONTEXT_DESC`) VALUES (1,'SIF_Default');

DROP TABLE IF EXISTS `data_element`;
CREATE TABLE  `data_element` (
  `ELEMENT_ID` int(10) unsigned NOT NULL AUTO_INCREMENT,
  `ELEMENT_NAME` varchar(255) NOT NULL,
  `XML_TAG_NAME` varchar(255) NOT NULL,
  PRIMARY KEY (`ELEMENT_ID`)
) ENGINE=InnoDB AUTO_INCREMENT=38 DEFAULT CHARSET=utf8;

DROP TABLE IF EXISTS `data_element_child`;
CREATE TABLE  `data_element_child` (
  `DATA_ELEMENT_CHILD_ID` int(10) unsigned NOT NULL,
  `PARENT_ELEMENT_ID` int(10) unsigned NOT NULL,
  `CHILD_ELEMENT_ID` int(10) unsigned NOT NULL,
  PRIMARY KEY (`PARENT_ELEMENT_ID`,`CHILD_ELEMENT_ID`,`DATA_ELEMENT_CHILD_ID`) USING BTREE
) ENGINE=InnoDB DEFAULT CHARSET=utf8;

DROP TABLE IF EXISTS `data_object`;
CREATE TABLE  `data_object` (
  `OBJECT_NAME` varchar(255) NOT NULL DEFAULT '',
  `OBJECT_ID` int(10) unsigned NOT NULL AUTO_INCREMENT,
  `GROUP_ID` int(10) unsigned NOT NULL DEFAULT '0',
  `VERSION_ID` int(10) unsigned NOT NULL DEFAULT '0',
  PRIMARY KEY (`OBJECT_ID`)
) ENGINE=InnoDB AUTO_INCREMENT=21242 DEFAULT CHARSET=utf8;
INSERT INTO `data_object` (`OBJECT_NAME`,`OBJECT_ID`,`GROUP_ID`,`VERSION_ID`) VALUES 
 ('AggregateStatisticInfo',1,31,3),
 ('AggregateCharacteristicInfo',2,31,3),
 ('AggregateStatisticFact',3,31,3),
 ('FinancialTransaction',4,32,3),
 ('FinancialIncomeStatement',5,32,3),
 ('FinancialClass',6,32,3),
 ('FinancialAccountAccountingPeriodLocationInfo',7,32,3),
 ('FinancialAccount',8,32,3),
 ('AccountingPeriod',9,32,3),
 ('FiscalYear',10,32,3),
 ('FoodserviceItem',11,32,3),
 ('FoodserviceItemPortion',12,32,3),
 ('FoodserviceItemSales',13,32,3),
 ('FoodserviceItemUnit',14,32,3),
 ('FoodserviceMealPrices',15,32,3),
 ('FoodserviceReimbursementRates',16,32,3),
 ('FoodserviceSales',17,32,3),
 ('FoodserviceTransaction',18,32,3),
 ('FoodserviceTransactionDetails',19,32,3),
 ('FoodserviceTransactionPayMethod',20,32,3),
 ('StaffMeal',21,32,3),
 ('StudentMeal',22,32,3),
 ('ActivityProvider',23,33,3),
 ('Billing',24,33,3),
 ('EmployeeAssignment',25,33,3),
 ('EmployeeContract',26,33,3),
 ('EmployeePersonal',27,33,3),
 ('EmployeePicture',28,33,3),
 ('EmployeeHR',29,33,3),
 ('EmployeeRecertification',30,33,3),
 ('EmployeeCredential',31,33,3),
 ('EmployeeWage',32,33,3),
 ('ProfDevActivities',33,33,3),
 ('LocationInfo',34,33,3),
 ('FinAnnual',35,33,3),
 ('FinBudget',36,33,3),
 ('Payment',37,33,3),
 ('Purchasing',38,33,3),
 ('StaffAssignment',39,33,3),
 ('TimeWorked',40,33,3),
 ('VendorInfo',41,33,3),
 ('W4',42,33,3),
 ('Authentication',43,34,3),
 ('SIF_LogEntry',44,34,3),
 ('Activity',45,35,3),
 ('Assignment',46,35,3),
 ('Assessment',47,35,3),
 ('AssessmentSection',48,35,3),
 ('AssessmentItem',49,35,3),
 ('AssessmentSubTest',50,35,3),
 ('CurriculumStructure',51,35,3),
 ('LearningResource',52,35,3),
 ('LearningStandardDocument',53,35,3),
 ('LearningStandardItem',54,35,3),
 ('Lesson',55,35,3),
 ('StudentResultSet',56,35,3),
 ('StudentParticipation',57,35,3),
 ('StudentPlacement',58,35,3),
 ('LibraryPatronStatus',59,36,3),
 ('AttendanceCodeInfo',60,37,3),
 ('LEAInfo',61,37,3),
 ('RoomInfo',62,37,3),
 ('RoomType',63,37,3),
 ('SchoolCourseInfo',64,37,3),
 ('SchoolInfo',65,37,3),
 ('SectionInfo',66,37,3),
 ('StaffPersonal',67,37,3),
 ('StudentContact',68,37,3),
 ('StudentDailyAttendance',69,37,3),
 ('StudentPersonal',70,37,3),
 ('StudentPicture',71,37,3),
 ('StudentSchoolEnrollment',72,37,3),
 ('StudentSectionEnrollment',73,37,3),
 ('StudentSnapshot',74,37,3),
 ('TermInfo',75,37,3),
 ('BusEquipment',76,38,3),
 ('BusInfo',77,38,3),
 ('BusPositionInfo',78,38,3),
 ('BusRouteDetail',79,38,3),
 ('BusRouteInfo',80,38,3),
 ('BusStopInfo',81,38,3),
 ('StudentTransportInfo',82,38,3),
 ('ReportAuthorityInfo',83,39,3),
 ('ReportManifest',84,39,3),
 ('SIF_ReportObject',85,39,3),
 ('StudentLocator',86,39,3),

 ('SIF_Metadata',87,2101,210),
 ('TimeElement',88,2101,210),
 ('LifeCycle',89,2101,210),
 ('RightsElement',90,2101,210),
 ('SIF_LogEntry',91,2102,210),
 ('ContactPersonal',92,2103,210),
 ('LAInfo',93,2103,210),
 ('LearnerAttendanceSummary',94,2103,210),
 ('LearnerContact',95,2103,210),
 ('LearnerExclusion',96,2103,210),
 ('LearnerGroupEnrolment',97,2103,210),
 ('LearnerPersonal',98,2103,210),
 ('LearnerSchoolEnrolment',99,2103,210),
 ('LearnerSpecialNeeds',100,2103,210),
 ('PersonPicture',101,2103,210),
 ('SchoolGroup',102,2103,210),
 ('SchoolGroupType',103,2103,210),
 ('SchoolInfo',104,2103,210),
 ('TermInfo',105,2103,210),
 ('WorkforcePersonal',106,2103,210),
 ('SIF_Metadata',107,2110,211),
 ('TimeElement',108,2110,211),
 ('LifeCycle',109,2110,211),
 ('RightsElement',110,2110,211),
 ('SIF_LogEntry',111,2111,211),
 ('AssessmentLearnerSet',112,2112,211),
 ('AssessmentResponseComponent',113,2112,211),
 ('AssessmentResponseComponentGroup',114,2112,211),
 ('AssessmentResultComponent',115,2112,211),
 ('AssessmentResultComponentGroup',116,2112,211),
 ('AssessmentResultGradeSet',117,2112,211),
 ('AssessmentSession',118,2112,211),
 ('ContactPersonal',119,2112,211),
 ('Identity',120,2112,211),
 ('LAInfo',121,2112,211),
 ('LearnerAssessmentResponseSet',122,2112,211),
 ('LearnerAssessmentResult',123,2112,211),
 ('LearnerAttendance',124,2112,211),
 ('LearnerAttendanceSummary',125,2112,211),
 ('LearnerContact',126,2112,211),
 ('LearnerExclusion',127,2112,211),
 ('LearnerGroupEnrolment',128,2112,211),
 ('LearnerPersonal',129,2112,211),
 ('LearnerSchoolEnrolment',130,2112,211),
 ('LearnerSpecialNeeds',131,2112,211),
 ('PersonPicture',132,2112,211),
 ('SchoolGroup',133,2112,211),
 ('SchoolGroupType',134,2112,211),
 ('SchoolInfo',135,2112,211),
 ('TermInfo',136,2112,211),
 ('WorkforcePersonal',137,2112,211),
 ('AssessmentLearnerSet',138,2120,212),
 ('AssessmentResponseComponent',139,2120,212),
 ('AssessmentResponseComponentGroup',140,2120,212),
 ('AssessmentResultComponent',141,2120,212),
 ('AssessmentResultComponentGroup',142,2120,212),
 ('AssessmentResultGradeSet',143,2120,212),
 ('AssessmentSession',144,2120,212),
 ('ContactPersonal',145,2120,212),
 ('Cycle',146,2120,212),
 ('Identity',147,2120,212),
 ('Junction',148,2120,212),
 ('LAInfo',149,2120,212),
 ('LearnerAssessmentResponseSet',150,2120,212),
 ('LearnerAssessmentResult',151,2120,212),
 ('LearnerAttendance',152,2120,212),
 ('LearnerAttendanceSummary',153,2120,212),
 ('LearnerBehaviourIncident',154,2120,212),
 ('LearnerContact',155,2120,212),
 ('LearnerEntitlement',156,2120,212),
 ('LearnerExclusion',157,2120,212),
 ('LearnerGroupEnrolment',158,2120,212),
 ('LearnerPersonal',159,2120,212),
 ('LearnerSchoolEnrolment',160,2120,212),
 ('LearnerSpecialNeeds',161,2120,212),
 ('Lesson',162,2120,212),
 ('NonTeachingActivity',163,2120,212),
 ('PersonDietaryPreference',164,2120,212),
 ('PersonPicture',165,2120,212),
 ('SchoolGroup',166,2120,212),
 ('SchoolGroupType',167,2120,212),
 ('SchoolInfo',168,2120,212),
 ('SchoolMealStatus',169,2120,212),
 ('Scope',170,2120,212),
 ('TeachingGroup',171,2120,212),
 ('TermInfo',172,2120,212),
 ('TTRoom',173,2120,212),
 ('TTSite',174,2120,212),
 ('TTSubject',175,2120,212),
 ('TTTeacher',176,2120,212),
 ('WorkforcePersonal',177,2120,212),
 ('Assessment',178,61,6),
 ('AssessmentAdministration',179,61,6),
 ('AssessmentForm',180,61,6),
 ('AssessmentPackage',181,61,6),
 ('AssessmentRegistration',182,61,6),
 ('AssessmentSubTest',183,61,6),
 ('StudentResponseSet',184,61,6),
 ('StudentScoreSet',185,61,6),
 ('SIF_Metadata',186,62,6),
 ('TimeElement',187,62,6),
 ('LifeCycle',188,62,6),
 ('RightsElement',189,62,6),
 ('EducationFilter',190,62,6),
 ('AggregateStatisticInfo',191,63,6),
 ('AggregateCharacteristicInfo',192,63,6),
 ('AggregateStatisticFact',193,63,6),
 ('FoodserviceItem',194,66,6),
 ('FoodserviceItemPortion',195,66,6),
 ('FoodserviceItemSales',196,66,6),
 ('FoodserviceItemUnit',197,66,6),
 ('FoodserviceMealPrices',198,66,6),
 ('FoodserviceMenuPlan',199,66,6),
 ('FoodserviceMilkSales',200,66,6),
 ('FoodservicePurchaseTransaction',201,66,6),
 ('FoodserviceReimbursementRates',202,66,6),
 ('FoodserviceSales',203,66,6),
 ('FoodserviceStaffEnrollmentCount',204,66,6),
 ('FoodserviceStaffMealCounts',205,66,6),
 ('FoodserviceStudentEnrollmentCount',206,66,6),
 ('FoodserviceStudentMealCounts',207,66,6),
 ('FoodserviceTransaction',208,66,6),
 ('FoodserviceTransactionDetails',209,66,6),
 ('FoodserviceTransactionPayMethod',210,66,6),
 ('StaffMeal',211,66,6),
 ('StudentMeal',212,66,6),
 ('GradingAssignment',213,65,6),
 ('GradingAssignmentScore',214,65,6),
 ('GradingCategory',215,65,6),
 ('MarkInfo',216,65,6),
 ('MarkValueInfo',217,65,6),
 ('OfficialStudentPeriodAttendance',218,65,6),
 ('SectionMarkInfo',219,65,6),
 ('StudentPeriodAttendance',220,65,6),
 ('StudentSectionMarks',221,65,6),
 ('AccountingPeriod',222,66,6),
 ('Billing',223,66,6),
 ('EmployeeAssignment',224,66,6),
 ('EmployeeContract',225,66,6),
 ('EmployeePersonal',226,66,6),
 ('EmployeePicture',227,66,6),
 ('EmployeeWage',228,66,6),
 ('EmploymentRecord',229,66,6),
 ('FinancialAccount',230,66,6),
 ('FinancialAccountAccountingPeriodLocationInfo',231,66,6),
 ('FinancialAnnual',232,66,6),
 ('FinancialBudget',233,66,6),
 ('FinancialClass',234,66,6),
 ('FinancialIncomeStatement',235,66,6),
 ('FinancialTransaction',236,66,6),
 ('FiscalYear',237,66,6),
 ('LocationInfo',238,66,6),
 ('Payment',239,66,6),
 ('Purchasing',240,66,6),
 ('TimeWorked',241,66,6),
 ('VendorInfo',242,66,6),
 ('W6',243,66,6),
 ('Authentication',244,67,6),
 ('SIF_LogEntry',245,67,6),
 ('Activity',246,68,6),
 ('Assignment',247,68,6),
 ('CurriculumStructure',248,68,6),
 ('LearningResource',249,68,6),
 ('LearningResourcePackage',250,68,6),
 ('LearningStandardDocument',251,68,6),
 ('LearningStandardItem',252,68,6),
 ('Lesson',253,68,6),
 ('LibraryPatronStatus',254,69,6),
 ('ActivityProvider',255,611,6),
 ('EmployeeCredential',256,611,6),
 ('EmployeeCredit',257,611,6),
 ('EmployeeRecertification',258,611,6),
 ('ProfessionalDevelopmentActivities',259,611,6),
 ('ProfessionalDevelopmentProgram',260,611,6),
 ('StudentParticipation',261,612,6),
 ('StudentPlacement',262,612,6),
 ('TestAccommodation',263,612,6),
 ('AttendanceCodeInfo',264,613,6),
 ('CalendarDate',265,613,6),
 ('CalendarSummary',266,613,6),
 ('DisciplineIncident',267,613,6),
 ('LEAInfo',268,613,6),
 ('RoomInfo',269,613,6),
 ('RoomType',270,613,6),
 ('SchoolCourseInfo',271,613,6),
 ('SchoolInfo',272,613,6),
 ('SectionInfo',273,613,6),
 ('StaffAssignment',274,613,6),
 ('StaffPersonal',275,613,6),
 ('StudentAttendanceSummary',276,613,6),
 ('StudentContact',277,613,6),
 ('StudentDailyAttendance',278,613,6),
 ('StudentPersonal',279,613,6),
 ('StudentPicture',280,613,6),
 ('StudentSchoolEnrollment',281,613,6),
 ('StudentSectionEnrollment',282,613,6),
 ('StudentSnapshot',283,613,6),
 ('TermInfo',284,613,6),
 ('StudentRecordExchange',285,614,6),
 ('StudentDemographicRecord',286,614,6),
 ('StudentAcademicRecord',287,614,6),
 ('StudentSpecialEducationRecord',288,614,6),
 ('StudentRecordPackage',289,614,6),
 ('BusEquipment',290,615,6),
 ('BusInfo',291,615,6),
 ('BusPositionInfo',292,615,6),
 ('BusRouteDetail',293,615,6),
 ('BusRouteInfo',294,615,6),
 ('BusStopInfo',295,615,6),
 ('StudentTransportInfo',296,615,6),
 ('ReportAuthorityInfo',297,616,6),
 ('ReportManifest',298,616,6),
 ('SIF_ReportObject',299,616,6),
 ('StudentLocator',300,616,6),
 ('Assessment',301,1221,122),
 ('AssessmentAdministration',302,1221,122),
 ('AssessmentForm',303,1221,122),
 ('AssessmentItem',304,1221,122),
 ('AssessmentPackage',305,1221,122),
 ('AssessmentRegistration',306,1221,122),
 ('AssessmentSubTest',307,1221,122),
 ('StudentResponseSet',308,1221,122),
 ('StudentScoreSet',309,1221,122),
 ('SIF_Metadata',310,1222,122),
 ('TimeElement',311,1222,122),
 ('LifeCycle',312,1222,122),
 ('RightsElement',313,1222,122),
 ('EducationFilter',314,1222,122),
 ('StudentLEARelationship',315,1222,122),
 ('AggregateStatisticInfo',316,1223,122),
 ('AggregateCharacteristicInfo',317,1223,122),
 ('AggregateStatisticFact',318,1223,122),
 ('FoodserviceItem',319,1224,122),
 ('FoodserviceItemPortion',320,1224,122),
 ('FoodserviceItemSales',321,1224,122),
 ('FoodserviceItemUnit',322,1224,122),
 ('FoodserviceMealPrices',323,1224,122),
 ('FoodserviceMenuPlan',324,1224,122),
 ('FoodserviceMilkSales',325,1224,122),
 ('FoodservicePurchaseTransaction',326,1224,122),
 ('FoodserviceReimbursementRates',327,1224,122),
 ('FoodserviceSales',328,1224,122),
 ('FoodserviceStaffEnrollmentCount',329,1224,122),
 ('FoodserviceStaffMealCounts',330,1224,122),
 ('FoodserviceStudentEnrollmentCount',331,1224,122),
 ('FoodserviceStudentMealCounts',332,1224,122),
 ('FoodserviceTransaction',333,1224,122),
 ('FoodserviceTransactionDetails',334,1224,122),
 ('FoodserviceTransactionPayMethod',335,1224,122),
 ('StaffMeal',336,1224,122),
 ('StudentMeal',337,1224,122),
 ('GradingAssignment',338,1225,122),
 ('GradingAssignmentScore',339,1225,122),
 ('GradingCategory',340,1225,122),
 ('MarkInfo',341,1225,122),
 ('MarkValueInfo',342,1225,122),
 ('OfficialStudentPeriodAttendance',343,1225,122),
 ('SectionMarkInfo',344,1225,122),
 ('StudentPeriodAttendance',345,1225,122),
 ('StudentSectionMarks',346,1225,122),
 ('AccountingPeriod',347,1226,122),
 ('Billing',348,1226,122),
 ('EmployeeAssignment',349,1226,122),
 ('EmployeeContract',350,1226,122),
 ('EmployeePersonal',351,1226,122),
 ('EmployeePicture',352,1226,122),
 ('EmployeeWage',353,1226,122),
 ('EmploymentRecord',354,1226,122),
 ('FinancialAccount',355,1226,122),
 ('FinancialAccountAccountingPeriodLocationInfo',356,1226,122),
 ('FinancialAnnual',357,1226,122),
 ('FinancialBudget',358,1226,122),
 ('FinancialClass',359,1226,122),
 ('FinancialIncomeStatement',360,1226,122),
 ('FinancialTransaction',361,1226,122),
 ('FiscalYear',362,1226,122),
 ('LocationInfo',363,1226,122),
 ('Payment',364,1226,122),
 ('Purchasing',365,1226,122),
 ('TimeWorked',366,1226,122),
 ('VendorInfo',367,1226,122),
 ('W4',368,1226,122),
 ('Authentication',369,1227,122),
 ('SIF_LogEntry',370,1227,122),
 ('Activity',371,1228,122),
 ('Assignment',372,1228,122),
 ('CurriculumStructure',373,1228,122),
 ('LearningResource',374,1228,122),
 ('LearningResourcePackage',375,1228,122),
 ('LearningStandardDocument',376,1228,122),
 ('LearningStandardItem',377,1228,122),
 ('Lesson',378,1228,122),
 ('LibraryPatronStatus',379,1229,122),
 ('ActivityProvider',380,12210,122),
 ('EmployeeCredential',381,12210,122),
 ('EmployeeCredit',382,12210,122),
 ('EmployeeRecertification',383,12210,122),
 ('ProfessionalDevelopmentActivities',384,12210,122),
 ('ProfessionalDevelopmentProgram',385,12210,122),
 ('ProfessionalDevelopmentRegistration',386,12210,122),
 ('StudentParticipation',387,12211,122),
 ('StudentPlacement',388,12211,122),
 ('TestAccommodation',389,12211,122),
 ('AttendanceCodeInfo',390,12212,122),
 ('CalendarDate',391,12212,122),
 ('CalendarSummary',392,12212,122),
 ('DisciplineIncident',393,12212,122),
 ('LEAInfo',394,12212,122),
 ('RoomInfo',395,12212,122),
 ('RoomType',396,12212,122),
 ('SchoolCourseInfo',397,12212,122),
 ('SchoolInfo',398,12212,122),
 ('SectionInfo',399,12212,122),
 ('StaffAssignment',400,12212,122),
 ('StaffPersonal',401,12212,122),
 ('StudentAttendanceSummary',402,12212,122),
 ('StudentContact',403,12212,122),
 ('StudentDailyAttendance',404,12212,122),
 ('StudentPersonal',405,12212,122),
 ('StudentPicture',406,12212,122),
 ('StudentSchoolEnrollment',407,12212,122),
 ('StudentSectionEnrollment',408,12212,122),
 ('StudentSnapshot',409,12212,122),
 ('TermInfo',410,12212,122),
 ('StudentRecordExchange',411,12213,122),
 ('StudentDemographicRecord',412,12213,122),
 ('StudentAcademicRecord',413,12213,122),
 ('StudentSpecialEducationRecord',414,12213,122),
 ('StudentRecordPackage',415,12213,122),
 ('BusEquipment',416,12214,122),
 ('BusInfo',417,12214,122),
 ('BusPositionInfo',418,12214,122),
 ('BusRouteDetail',419,12214,122),
 ('BusRouteInfo',420,12214,122),
 ('BusStopInfo',421,12214,122),
 ('StudentTransportInfo',422,12214,122),
 ('ReportAuthorityInfo',423,12215,122),
 ('ReportManifest',424,12215,122),
 ('SIF_ReportObject',425,12215,122),
 ('StudentLocator',426,12215,122),
 ('Assessment',427,1231,123),
 ('AssessmentAdministration',428,1231,123),
 ('AssessmentForm',429,1231,123),
 ('AssessmentItem',430,1231,123),
 ('AssessmentPackage',431,1231,123),
 ('AssessmentRegistration',432,1231,123),
 ('AssessmentSubTest',433,1231,123),
 ('ItemCharacteristics',434,1231,123),
 ('StudentResponseSet',435,1231,123),
 ('StudentScoreSet',436,1231,123),
 ('SIF_Metadata',437,1232,123),
 ('TimeElement',438,1232,123),
 ('LifeCycle',439,1232,123),
 ('RightsElement',440,1232,123),
 ('EducationFilter',441,1232,123),
 ('SEAInfo',442,1232,123),
 ('StudentLEARelationship',443,1232,123),
 ('AggregateStatisticInfo',444,1233,123),
 ('AggregateCharacteristicInfo',445,1233,123),
 ('AggregateStatisticFact',446,1233,123),
 ('FoodserviceItem',447,1234,123),
 ('FoodserviceItemPortion',448,1234,123),
 ('FoodserviceItemSales',449,1234,123),
 ('FoodserviceItemUnit',450,1234,123),
 ('FoodserviceMealPrices',451,1234,123),
 ('FoodserviceMenuPlan',452,1234,123),
 ('FoodserviceMilkSales',453,1234,123),
 ('FoodservicePurchaseTransaction',454,1234,123),
 ('FoodserviceReimbursementRates',455,1234,123),
 ('FoodserviceSales',456,1234,123),
 ('FoodserviceStaffEnrollmentCount',457,1234,123),
 ('FoodserviceStaffMealCounts',458,1234,123),
 ('FoodserviceStudentEnrollmentCount',459,1234,123),
 ('FoodserviceStudentMealCounts',460,1234,123),
 ('FoodserviceTransaction',461,1234,123),
 ('FoodserviceTransactionDetails',462,1234,123),
 ('FoodserviceTransactionPayMethod',463,1234,123),
 ('StaffMeal',464,1234,123),
 ('StudentMeal',465,1234,123),
 ('GradingAssignment',466,1235,123),
 ('GradingAssignmentScore',467,1235,123),
 ('GradingCategory',468,1235,123),
 ('MarkInfo',469,1235,123),
 ('MarkValueInfo',470,1235,123),
 ('OfficialStudentPeriodAttendance',471,1235,123),
 ('SectionMarkInfo',472,1235,123),
 ('StudentGrade',473,1235,123),
 ('StudentPeriodAttendance',474,1235,123),
 ('StudentSectionMarks',475,1235,123),
 ('AccountingPeriod',476,1236,123),
 ('Billing',477,1236,123),
 ('EmployeeAssignment',478,1236,123),
 ('EmployeeContract',479,1236,123),
 ('EmployeePersonal',480,1236,123),
 ('EmployeePicture',481,1236,123),
 ('EmployeeWage',482,1236,123),
 ('EmploymentRecord',483,1236,123),
 ('FinancialAccount',484,1236,123),
 ('FinancialAccountAccountingPeriodLocationInfo',485,1236,123),
 ('FinancialAnnual',486,1236,123),
 ('FinancialBudget',487,1236,123),
 ('FinancialClass',488,1236,123),
 ('FinancialIncomeStatement',489,1236,123),
 ('FinancialTransaction',490,1236,123),
 ('FiscalYear',491,1236,123),
 ('LocationInfo',492,1236,123),
 ('Payment',493,1236,123),
 ('Purchasing',494,1236,123),
 ('TimeWorked',495,1236,123),
 ('VendorInfo',496,1236,123),
 ('W4',497,1236,123),
 ('Authentication',498,1237,123),
 ('SIF_LogEntry',499,1237,123),
 ('Activity',500,1238,123),
 ('Assignment',501,1238,123),
 ('CurriculumStructure',502,1238,123),
 ('LearningResource',503,1238,123),
 ('LearningResourcePackage',504,1238,123),
 ('LearningStandardDocument',505,1238,123),
 ('LearningStandardItem',506,1238,123),
 ('Lesson',507,1238,123),
 ('LibraryPatronStatus',508,1239,123),
 ('ActivityProvider',509,12310,123),
 ('EmployeeCredential',510,12310,123),
 ('EmployeeCredit',511,12310,123),
 ('EmployeeRecertification',512,12310,123),
 ('ProfessionalDevelopmentActivities',513,12310,123),
 ('ProfessionalDevelopmentProgram',514,12310,123),
 ('ProfessionalDevelopmentRegistration',515,12310,123),
 ('StudentParticipation',516,12311,123),
 ('StudentPlacement',517,12311,123),
 ('TestAccommodation',518,12311,123),
 ('AttendanceCodeInfo',519,12312,123),
 ('CalendarDate',520,12312,123),
 ('CalendarSummary',521,12312,123),
 ('DisciplineIncident',522,12312,123),
 ('LEAInfo',523,12312,123),
 ('RoomInfo',524,12312,123),
 ('RoomType',525,12312,123),
 ('SchoolCourseInfo',526,12312,123),
 ('SchoolInfo',527,12312,123),
 ('SectionInfo',528,12312,123),
 ('StaffAssignment',529,12312,123),
 ('StaffPersonal',530,12312,123),
 ('StudentActivityInfo',531,12312,123),
 ('StudentActivityParticipation',532,12312,123),
 ('StudentAttendanceSummary',533,12312,123),
 ('StudentContact',534,12312,123),
 ('StudentDailyAttendance',535,12312,123),
 ('StudentPersonal',536,12312,123),
 ('StudentPicture',537,12312,123),
 ('StudentSchoolEnrollment',538,12312,123),
 ('StudentSectionEnrollment',539,12312,123),
 ('StudentSnapshot',540,12312,123),
 ('TermInfo',541,12312,123),
 ('StudentRecordExchange',542,12313,123),
 ('StudentDemographicRecord',543,12313,123),
 ('StudentAcademicRecord',544,12313,123),
 ('StudentSpecialEducationRecord',545,12313,123),
 ('StudentRecordPackage',546,12313,123),
 ('BusEquipment',547,12314,123),
 ('BusInfo',548,12314,123),
 ('BusPositionInfo',549,12314,123),
 ('BusRouteDetail',550,12314,123),
 ('BusRouteInfo',551,12314,123),
 ('BusStopInfo',552,12314,123),
 ('StudentTransportInfo',553,12314,123),
 ('ReportAuthorityInfo',554,12315,123),
 ('ReportManifest',555,12315,123),
 ('SIF_ReportObject',556,12315,123),
 ('StudentLocator',557,12315,123),
 ('Assessment',558,41,4),
 ('AssessmentAdministration',559,41,4),
 ('AssessmentForm',560,41,4),
 ('AssessmentPackage',561,41,4),
 ('AssessmentRegistration',562,41,4),
 ('AssessmentSubTest',563,41,4),
 ('StudentResponseSet',564,41,4),
 ('StudentScoreSet',565,41,4),
 ('SIF_Metadata',566,42,4),
 ('TimeElement',567,42,4),
 ('LifeCycle',568,42,4),
 ('RightsElement',569,42,4),
 ('AggregateStatisticInfo',570,43,4),
 ('AggregateCharacteristicInfo',571,43,4),
 ('AggregateStatisticFact',572,43,4),
 ('FoodserviceItem',573,44,4),
 ('FoodserviceItemPortion',574,44,4),
 ('FoodserviceItemSales',575,44,4),
 ('FoodserviceItemUnit',576,44,4),
 ('FoodserviceMealPrices',577,44,4),
 ('FoodserviceMenuPlan',578,44,4),
 ('FoodserviceMilkSales',579,44,4),
 ('FoodservicePurchaseTransaction',580,44,4),
 ('FoodserviceReimbursementRates',581,44,4),
 ('FoodserviceSales',582,44,4),
 ('FoodserviceStaffEnrollmentCount',583,44,4),
 ('FoodserviceStaffMealCounts',584,44,4),
 ('FoodserviceStudentEnrollmentCount',585,44,4),
 ('FoodserviceStudentMealCounts',586,44,4),
 ('FoodserviceTransaction',587,44,4),
 ('FoodserviceTransactionDetails',588,44,4),
 ('FoodserviceTransactionPayMethod',589,44,4),
 ('StaffMeal',590,44,4),
 ('StudentMeal',591,44,4),
 ('GradingAssignment',592,45,4),
 ('GradingAssignmentScore',593,45,4),
 ('GradingCategory',594,45,4),
 ('MarkInfo',595,45,4),
 ('MarkValueInfo',596,45,4),
 ('OfficialStudentPeriodAttendance',597,45,4),
 ('SectionMarkInfo',598,45,4),
 ('StudentPeriodAttendance',599,45,4),
 ('StudentSectionMarks',600,45,4),
 ('AccountingPeriod',601,46,4),
 ('Billing',602,46,4),
 ('EmployeeAssignment',603,46,4),
 ('EmployeeContract',604,46,4),
 ('EmployeePersonal',605,46,4),
 ('EmployeePicture',606,46,4),
 ('EmployeeWage',607,46,4),
 ('EmploymentRecord',608,46,4),
 ('FinancialAccount',609,46,4),
 ('FinancialAccountAccountingPeriodLocationInfo',610,46,4),
 ('FinancialAnnual',611,46,4),
 ('FinancialBudget',612,46,4),
 ('FinancialClass',613,46,4),
 ('FinancialIncomeStatement',614,46,4),
 ('FinancialTransaction',615,46,4),
 ('FiscalYear',616,46,4),
 ('LocationInfo',617,46,4),
 ('Payment',618,46,4),
 ('Purchasing',619,46,4),
 ('TimeWorked',620,46,4),
 ('VendorInfo',621,46,4),
 ('W4',622,46,4),
 ('Authentication',623,47,4),
 ('SIF_LogEntry',624,47,4),
 ('Activity',625,48,4),
 ('Assignment',626,48,4),
 ('CurriculumStructure',627,48,4),
 ('LearningResource',628,48,4),
 ('LearningStandardDocument',629,48,4),
 ('LearningStandardItem',630,48,4),
 ('Lesson',631,48,4),
 ('LibraryPatronStatus',632,49,4),
 ('ActivityProvider',633,411,4),
 ('EmployeeCredential',634,411,4),
 ('EmployeeCredit',635,411,4),
 ('EmployeeRecertification',636,411,4),
 ('ProfessionalDevelopmentActivities',637,411,4),
 ('StudentParticipation',638,412,4),
 ('StudentPlacement',639,412,4),
 ('TestAccommodation',640,412,4),
 ('AttendanceCodeInfo',641,413,4),
 ('CalendarDate',642,413,4),
 ('CalendarSummary',643,413,4),
 ('DisciplineIncident',644,413,4),
 ('LEAInfo',645,413,4),
 ('RoomInfo',646,413,4),
 ('RoomType',647,413,4),
 ('SchoolCourseInfo',648,413,4),
 ('SchoolInfo',649,413,4),
 ('SectionInfo',650,413,4),
 ('StaffAssignment',651,413,4),
 ('StaffPersonal',652,413,4),
 ('StudentAttendanceSummary',653,413,4),
 ('StudentContact',654,413,4),
 ('StudentDailyAttendance',655,413,4),
 ('StudentPersonal',656,413,4),
 ('StudentPicture',657,413,4),
 ('StudentSchoolEnrollment',658,413,4),
 ('StudentSectionEnrollment',659,413,4),
 ('StudentSnapshot',660,413,4),
 ('TermInfo',661,413,4),
 ('StudentRecordExchange',662,413,4),
 ('StudentDemographicRecord',663,413,4),
 ('StudentAcademicRecord',664,413,4),
 ('StudentSpecialEducationRecord',665,413,4),
 ('StudentRecordPackage',666,413,4),
 ('BusEquipment',667,415,4),
 ('BusInfo',668,415,4),
 ('BusPositionInfo',669,415,4),
 ('BusRouteDetail',670,415,4),
 ('BusRouteInfo',671,415,4),
 ('BusStopInfo',672,415,4),
 ('StudentTransportInfo',673,415,4),
 ('ReportAuthorityInfo',674,416,4),
 ('ReportManifest',675,416,4),
 ('SIF_ReportObject',676,416,4),
 ('StudentLocator',677,416,4),
 ('CalendarDate',678,3100,310),
 ('CalendarSummary',679,3100,310),
 ('Identity',680,3100,310),
 ('LEAInfo',681,3100,310),
 ('PersonPicture',682,3100,310),
 ('ReportAuthorityInfo',683,3100,310),
 ('ReportManifest',684,3100,310),
 ('RoomInfo',685,3100,310),
 ('SchoolCourseInfo',686,3100,310),
 ('SchoolInfo',687,3100,310),
 ('SchoolPrograms',688,3100,310),
 ('SessionInfo',689,3100,310),
 ('SIF_ReportObject',690,3100,310),
 ('StaffAssignment',691,3100,310),
 ('StaffPersonal',692,3100,310),
 ('StudentActivityInfo',693,3100,310),
 ('StudentActivityParticipation',694,3100,310),
 ('StudentAttendanceSummary',695,3100,310),
 ('StudentContactPersonal',696,3100,310),
 ('StudentContactRelationship',697,3100,310),
 ('StudentDailyAttendance',698,3100,310),
 ('StudentParticipation',699,3100,310),
 ('StudentPeriodAttendance',700,3100,310),
 ('StudentPersonal',701,3100,310),
 ('StudentSchoolEnrollment',702,3100,310),
 ('StudentSDTN',703,3100,310),
 ('StudentSnapshot',704,3100,310),
 ('SummaryEnrollmentInfo',705,3100,310),
 ('TeachingGroup',706,3100,310),
 ('TermInfo',707,3100,310),
 ('TimeTable',708,3100,310),
 ('TimeTableCell',709,3100,310),
 ('TimeTableSubject',710,3100,310);

DROP TABLE IF EXISTS `data_object_element`;
CREATE TABLE  `data_object_element` (
  `DATA_OBJECT_ELEMENT_ID` int(10) unsigned NOT NULL AUTO_INCREMENT,
  `OBJECT_ID` int(10) unsigned NOT NULL,
  `ELEMENT_ID` int(10) unsigned NOT NULL,
  `CAN_FILTER` tinyint(4) NOT NULL,
  PRIMARY KEY (`DATA_OBJECT_ELEMENT_ID`)
) ENGINE=InnoDB AUTO_INCREMENT=2120 DEFAULT CHARSET=utf8;

DROP TABLE IF EXISTS `data_object_group`;
CREATE TABLE  `data_object_group` (
  `GROUP_ID` int(10) unsigned NOT NULL AUTO_INCREMENT,
  `GROUP_DESC` varchar(255) NOT NULL DEFAULT '',
  `VERSION_ID` int(10) unsigned NOT NULL DEFAULT '0',
  PRIMARY KEY (`GROUP_ID`)
) ENGINE=InnoDB AUTO_INCREMENT=12316 DEFAULT CHARSET=utf8;
INSERT INTO `data_object_group` (`GROUP_ID`,`GROUP_DESC`,`VERSION_ID`) VALUES 
 (31,'Data Warehouse Working Group',3),
 (32,'Food Services Working Group',3),
 (33,'Human Resources & Financials Working Group',3),
 (34,'Infrastructure Working Group',3),
 (35,'Instructional Services Task Force',3),
 (36,'Library Automation Working Group',3),
 (37,'Student Information Systems Working Group',3),
 (38,'Transportation and Geographic Information Working Group',3),
 (39,'Vertical Reporting Task Force',3),
 (41,'Assessment Working Group',4),
 (42,'Data Model Task Force',4),
 (43,'Data Warehouse Working Group',4),
 (44,'Food Services Working Group',4),
 (45,'Grade Book Working Group',4),
 (46,'Human Resources & Financials Working Group',4),
 (47,'Infrastructure Working Group',4),
 (48,'Instructional Services Task Force',4),
 (49,'Library Automation Working Group',4),
 (61,'Assessment Working Group',6),
 (62,'Data Model Task Force',6),
 (63,'Data Warehouse Working Group',6),
 (64,'Food Services Working Group',6),
 (65,'Grade Book Working Group',6),
 (66,'Human Resources & Financials Working Group',6),
 (67,'Infrastructure Working Group',6),
 (68,'Instructional Services Task Force',6),
 (69,'Library Automation Working Group',6),
 (411,'Professional Development Working Group',4),
 (412,'Special Programs Working Group',4),
 (413,'Student Information Systems Working Group',4),
 (414,'Student Record Exchange Task Force',4),
 (415,'Transportation and Geographic Information Working Group',4),
 (416,'Vertical Reporting Task Force',4),
 (611,'Professional Development Working Group',6),
 (612,'Special Programs Working Group',6),
 (613,'Student Information Systems Working Group',6),
 (614,'Student Record Exchange Task Force',6),
 (615,'Transportation and Geographic Information Working Group',6),
 (616,'Vertical Reporting Task Force',6),
 (1221,'Assessment Working Group',122),
 (1222,'Data Model Task Force',122),
 (1223,'Data Warehouse Working Group',122),
 (1224,'Food Services Working Group',122),
 (1225,'Grade Book Working Group',122),
 (1226,'Human Resources & Financials Working Group',122),
 (1227,'Infrastructure Working Group',122),
 (1228,'Instructional Services Task Force',122),
 (1229,'Library Automation Working Group',122),
 (12210,'Professional Development Working Group',122),
 (12211,'Special Programs Working Group',122),
 (12212,'Student Information Systems Working Group',122),
 (12213,'Student Record Exchange Task Force',122),
 (12214,'Transportation and Geographic Information Working Group',122),
 (12215,'Vertical Reporting Task Force',122),
 (1231,'Assessment Working Group',123),
 (1232,'Data Model Task Force',123),
 (1233,'Data Warehouse Working Group',123),
 (1234,'Food Services Working Group',123),
 (1235,'Grade Book Working Group',123),
 (1236,'Human Resources & Financials Working Group',123),
 (1237,'Infrastructure Working Group',123),
 (1238,'Instructional Services Task Force',123),
 (1239,'Library Automation Working Group',123),
 (12310,'Professional Development Working Group',123),
 (12311,'Special Programs Working Group',123),
 (12312,'Student Information Systems Working Group',123),
 (12313,'Student Record Exchange Task Force',123),
 (12314,'Transportation and Geographic Information Working Group',123),
 (12315,'Vertical Reporting Task Force',123),
 (2101,'Data Model Task Force',210),
 (2102,'Infrastructure Working Group',210),
 (2103,'SIF UK',210),
 (2110,'Data Model Task Force',211),
 (2111,'Infrastructure Working Group',211),
 (2112,'SIF UK',211),
 (2120,'SIF UK',212),
 (3100,'SIF AU',310);

DROP TABLE IF EXISTS `error_log`;
CREATE TABLE  `error_log` (
  `ERROR_ID` int(10) unsigned NOT NULL AUTO_INCREMENT,
  `SHORT_ERROR_DESC` varchar(255) NOT NULL,
  `LONG_ERROR_DESC` mediumtext NOT NULL,
  `ERROR_LOCATION` varchar(255) NOT NULL,
  `ERROR_TIMESTAMP` datetime NOT NULL,
  `ZONE_ID` int(10) unsigned DEFAULT NULL,
  `AGENT_ID` int(10) unsigned DEFAULT NULL,
  `CONTEXT_ID` int(10) unsigned DEFAULT NULL,
  `ARCHIVED` tinyint(10) unsigned NOT NULL DEFAULT '0',
  PRIMARY KEY (`ERROR_ID`)
) ENGINE=InnoDB AUTO_INCREMENT=21 DEFAULT CHARSET=utf8;

DROP TABLE IF EXISTS `event`;
CREATE TABLE  `event` (
  `EVENT_ID` int(10) unsigned NOT NULL AUTO_INCREMENT,
  `EVENT_TIMESTAMP` datetime NOT NULL DEFAULT '0000-00-00 00:00:00',
  `AGENT_ID_SENDER` int(10) unsigned NOT NULL DEFAULT '0',
  `AGENT_ID_REC` int(10) unsigned NOT NULL DEFAULT '0',
  `EVENT_DATA` mediumtext NOT NULL,
  `OBJECT_ID` int(10) unsigned NOT NULL DEFAULT '0',
  `STATUS_ID` int(10) unsigned NOT NULL DEFAULT '1',
  `ACTION_ID` int(10) unsigned NOT NULL DEFAULT '0',
  `MSG_ID` varchar(60) DEFAULT NULL,
  `AGENT_MODE_ID` int(10) unsigned NOT NULL,
  `CONTEXT_ID` int(10) unsigned NOT NULL,
  `ZONE_ID` int(10) unsigned NOT NULL,
  PRIMARY KEY (`EVENT_ID`)
) ENGINE=InnoDB AUTO_INCREMENT=45 DEFAULT CHARSET=utf8;

DROP TABLE IF EXISTS `event_archieve`;
CREATE TABLE  `event` (
  `EVENT_ID` int(10) unsigned NOT NULL AUTO_INCREMENT,
  `EVENT_TIMESTAMP` datetime NOT NULL DEFAULT '0000-00-00 00:00:00',
  `AGENT_ID_SENDER` int(10) unsigned NOT NULL DEFAULT '0',
  `AGENT_ID_REC` int(10) unsigned NOT NULL DEFAULT '0',
  `EVENT_DATA` mediumtext NOT NULL,
  `OBJECT_ID` int(10) unsigned NOT NULL DEFAULT '0',
  `STATUS_ID` int(10) unsigned NOT NULL DEFAULT '1',
  `ACTION_ID` int(10) unsigned NOT NULL DEFAULT '0',
  `MSG_ID` varchar(60) DEFAULT NULL,
  `AGENT_MODE_ID` int(10) unsigned NOT NULL,
  `CONTEXT_ID` int(10) unsigned NOT NULL,
  `ZONE_ID` int(10) unsigned NOT NULL,
  PRIMARY KEY (`EVENT_ID`)
) ENGINE=InnoDB AUTO_INCREMENT=45 DEFAULT CHARSET=utf8;

DROP TABLE IF EXISTS `event_actions`;
CREATE TABLE  `event_actions` (
  `ACTION_ID` int(10) unsigned NOT NULL AUTO_INCREMENT,
  `ACTION_DESC` varchar(45) NOT NULL DEFAULT '',
  PRIMARY KEY (`ACTION_ID`)
) ENGINE=InnoDB AUTO_INCREMENT=6 DEFAULT CHARSET=utf8;
INSERT INTO `event_actions` (`ACTION_ID`,`ACTION_DESC`) VALUES 
 (1,'add'),
 (2,'change'),
 (3,'delete'),
 (4,'request'),
 (5,'response');

DROP TABLE IF EXISTS `event_status`;
CREATE TABLE  `event_status` (
  `STATUS_ID` int(10) unsigned NOT NULL AUTO_INCREMENT,
  `STATUS_DESC` varchar(45) NOT NULL DEFAULT '',
  PRIMARY KEY (`STATUS_ID`)
) ENGINE=InnoDB AUTO_INCREMENT=5 DEFAULT CHARSET=utf8;
INSERT INTO `event_status` (`STATUS_ID`,`STATUS_DESC`) VALUES 
 (1,'New'),
 (2,'Read'),
 (3,'Ack'),
 (4,'Error');

DROP TABLE IF EXISTS `group_permission`;
CREATE TABLE  `group_permission` (
  `GROUP_PERMISSION_ID` int(10) unsigned NOT NULL AUTO_INCREMENT,
  `GROUP_NAME` varchar(255) NOT NULL DEFAULT '',
  `CREATED_TIMESTAMP` datetime NOT NULL DEFAULT '0000-00-00 00:00:00',
  `UPDATED_TIMESTAMP` datetime NOT NULL DEFAULT '0000-00-00 00:00:00',
  `ADMIN_ID` int(10) unsigned NOT NULL DEFAULT '0',
  `VERSION_ID` int(10) unsigned NOT NULL DEFAULT '0',
  PRIMARY KEY (`GROUP_PERMISSION_ID`)
) ENGINE=InnoDB AUTO_INCREMENT=2 DEFAULT CHARSET=utf8;

DROP TABLE IF EXISTS `group_permission_item`;
CREATE TABLE  `group_permission_item` (
  `GROUP_PERMISSION_ITEM_ID` int(10) unsigned NOT NULL AUTO_INCREMENT,
  `OBJECT_ID` int(10) unsigned NOT NULL DEFAULT '0',
  `CAN_PROVIDE` int(10) unsigned NOT NULL DEFAULT '0',
  `CAN_SUBSCRIBE` int(10) unsigned NOT NULL DEFAULT '0',
  `CAN_ADD` int(10) unsigned NOT NULL DEFAULT '0',
  `CAN_UPDATE` int(10) unsigned NOT NULL DEFAULT '0',
  `CAN_DELETE` int(10) unsigned NOT NULL DEFAULT '0',
  `CAN_REQUEST` int(10) unsigned NOT NULL DEFAULT '0',
  `CAN_RESPOND` int(10) unsigned NOT NULL DEFAULT '0',
  `GROUP_PERMISSION_ID` int(10) unsigned NOT NULL DEFAULT '0',
  PRIMARY KEY (`GROUP_PERMISSION_ITEM_ID`)
) ENGINE=InnoDB DEFAULT CHARSET=utf8;

DROP TABLE IF EXISTS `log_message_type`;
CREATE TABLE  `log_message_type` (
  `LOG_MESSAGE_TYPE_ID` int(10) unsigned NOT NULL,
  `LOG_MESSAGE_TYPE_DESC` varchar(255) NOT NULL,
  PRIMARY KEY (`LOG_MESSAGE_TYPE_ID`)
) ENGINE=InnoDB DEFAULT CHARSET=utf8;
INSERT INTO `log_message_type` (`LOG_MESSAGE_TYPE_ID`,`LOG_MESSAGE_TYPE_DESC`) VALUES 
 (1,'Pushed'),
 (2,'Received');

DROP TABLE IF EXISTS `push_handler`;
CREATE TABLE  `push_handler` (
  `ZONE_ID` int(10) unsigned NOT NULL,
  `CONTEXT_ID` int(10) unsigned NOT NULL,
  `PUSH_RUNNING` tinyint(4) NOT NULL DEFAULT '0',
  `LAST_START` datetime NOT NULL,
  `LAST_STOP` datetime DEFAULT NULL,
  `PHP_PID` int(10) unsigned DEFAULT NULL,
  `SLEEP_TIME_SECONDS` int(10) unsigned DEFAULT NULL,
  PRIMARY KEY (`ZONE_ID`,`CONTEXT_ID`)
) ENGINE=InnoDB DEFAULT CHARSET=utf8;

DROP TABLE IF EXISTS `request`;
CREATE TABLE  `request` (
  `REQUEST_ID` int(10) unsigned NOT NULL AUTO_INCREMENT,
  `REQUEST_MSG_ID` varchar(255) NOT NULL DEFAULT '',
  `REQUEST_DATA` mediumtext NOT NULL,
  `REQUEST_TIMESTAMP` datetime NOT NULL DEFAULT '0000-00-00 00:00:00',
  `STATUS_ID` int(10) unsigned NOT NULL DEFAULT '1',
  `AGENT_ID_REQUESTER` int(10) unsigned NOT NULL DEFAULT '0',
  `AGENT_ID_RESPONDER` int(10) unsigned NOT NULL DEFAULT '0',
  `MAX_BUFFER_SIZE` varchar(255) NOT NULL DEFAULT '',
  `VERSION` varchar(255) NOT NULL DEFAULT '',
  `MSG_ID` varchar(60) DEFAULT NULL,
  `AGENT_MODE_ID` int(10) unsigned NOT NULL,
  `CONTEXT_ID` int(10) unsigned NOT NULL,
  `ZONE_ID` int(10) unsigned NOT NULL,
  `CANCEL_TIMESTAMP` datetime NOT NULL DEFAULT '0000-00-00 00:00:00',
  PRIMARY KEY (`REQUEST_ID`)
) ENGINE=InnoDB AUTO_INCREMENT=4 DEFAULT CHARSET=utf8;


DROP TABLE IF EXISTS `request_archieve`;
CREATE TABLE  `request` (
  `REQUEST_ID` int(10) unsigned NOT NULL AUTO_INCREMENT,
  `REQUEST_MSG_ID` varchar(255) NOT NULL DEFAULT '',
  `REQUEST_DATA` mediumtext NOT NULL,
  `REQUEST_TIMESTAMP` datetime NOT NULL DEFAULT '0000-00-00 00:00:00',
  `STATUS_ID` int(10) unsigned NOT NULL DEFAULT '1',
  `AGENT_ID_REQUESTER` int(10) unsigned NOT NULL DEFAULT '0',
  `AGENT_ID_RESPONDER` int(10) unsigned NOT NULL DEFAULT '0',
  `MAX_BUFFER_SIZE` varchar(255) NOT NULL DEFAULT '',
  `VERSION` varchar(255) NOT NULL DEFAULT '',
  `MSG_ID` varchar(60) DEFAULT NULL,
  `AGENT_MODE_ID` int(10) unsigned NOT NULL,
  `CONTEXT_ID` int(10) unsigned NOT NULL,
  `ZONE_ID` int(10) unsigned NOT NULL,
  `CANCEL_TIMESTAMP` datetime NOT NULL DEFAULT '0000-00-00 00:00:00',
  PRIMARY KEY (`REQUEST_ID`)
) ENGINE=InnoDB AUTO_INCREMENT=4 DEFAULT CHARSET=utf8;


DROP TABLE IF EXISTS `response`;
CREATE TABLE  `response` (
  `RESPONSE_ID` int(10) unsigned NOT NULL AUTO_INCREMENT,
  `REQUEST_MSG_ID` varchar(255) NOT NULL DEFAULT '',
  `RESPONSE_DATA` mediumtext NOT NULL,
  `NEXT_PACKET_NUM` int(10) unsigned NOT NULL DEFAULT '0',
  `STATUS_ID` int(10) unsigned NOT NULL DEFAULT '1',
  `AGENT_ID_REQUESTER` int(10) unsigned NOT NULL DEFAULT '0',
  `AGENT_ID_RESPONDER` int(10) unsigned NOT NULL DEFAULT '0',
  `MSG_ID` varchar(60) DEFAULT NULL,
  `AGENT_MODE_ID` int(10) unsigned NOT NULL,
  `CONTEXT_ID` int(10) unsigned NOT NULL,
  `ZONE_ID` int(10) unsigned NOT NULL,
  PRIMARY KEY (`RESPONSE_ID`)
) ENGINE=InnoDB AUTO_INCREMENT=17 DEFAULT CHARSET=utf8;

DROP TABLE IF EXISTS `response_archieve`;
CREATE TABLE  `response` (
  `RESPONSE_ID` int(10) unsigned NOT NULL AUTO_INCREMENT,
  `REQUEST_MSG_ID` varchar(255) NOT NULL DEFAULT '',
  `RESPONSE_DATA` mediumtext NOT NULL,
  `NEXT_PACKET_NUM` int(10) unsigned NOT NULL DEFAULT '0',
  `STATUS_ID` int(10) unsigned NOT NULL DEFAULT '1',
  `AGENT_ID_REQUESTER` int(10) unsigned NOT NULL DEFAULT '0',
  `AGENT_ID_RESPONDER` int(10) unsigned NOT NULL DEFAULT '0',
  `MSG_ID` varchar(60) DEFAULT NULL,
  `AGENT_MODE_ID` int(10) unsigned NOT NULL,
  `CONTEXT_ID` int(10) unsigned NOT NULL,
  `ZONE_ID` int(10) unsigned NOT NULL,
  PRIMARY KEY (`RESPONSE_ID`)
) ENGINE=InnoDB AUTO_INCREMENT=17 DEFAULT CHARSET=utf8;


DROP TABLE IF EXISTS `sif_authentication_level`;
CREATE TABLE  `sif_authentication_level` (
  `SIF_AUTHENTICATION_LEVEL_ID` int(10) unsigned NOT NULL,
  `SIF_AUTHENTICATION_LEVEL_DESC` varchar(255) NOT NULL,
  PRIMARY KEY (`SIF_AUTHENTICATION_LEVEL_ID`)
) ENGINE=InnoDB DEFAULT CHARSET=utf8;
INSERT INTO `sif_authentication_level` (`SIF_AUTHENTICATION_LEVEL_ID`,`SIF_AUTHENTICATION_LEVEL_DESC`) VALUES 
 (0,'No authentication required and a valid certificate does not need to be presented.'),
 (1,'A valid certificate must be presented.'),
 (2,'A valid certificate from a trusted certificate authority must be presented.'),
 (3,'A valid certificate from a trusted certificate authority must be presented and the CN field of the certificates Subject entry must match the host sending the certificate');

DROP TABLE IF EXISTS `sif_message_type`;
CREATE TABLE  `sif_message_type` (
  `SIF_MESSAGE_TYPE_ID` int(10) unsigned NOT NULL,
  `SIF_MESSAGE_TYPE_DESC` varchar(255) NOT NULL,
  PRIMARY KEY (`SIF_MESSAGE_TYPE_ID`)
) ENGINE=InnoDB DEFAULT CHARSET=utf8;
INSERT INTO `sif_message_type` (`SIF_MESSAGE_TYPE_ID`,`SIF_MESSAGE_TYPE_DESC`) VALUES 
 (1,'SIF_Ack'),
 (2,'SIF_Event'),
 (3,'SIF_Provide'),
 (4,'SIF_Provision'),
 (5,'SIF_Register'),
 (6,'SIF_Request'),
 (7,'SIF_Response'),
 (8,'SIF_Subscribe'),
 (9,'SIF_SystemControl'),
 (10,'SIF_Ping'),
 (11,'SIF_Sleep'),
 (12,'SIF_Wakeup'),
 (13,'SIF_GetMessage'),
 (14,'SIF_GetZoneStatus'),
 (15,'SIF_GetAgentACL'),
 (16,'SIF_CancelRequests'),
 (17,'SIF_Unprovide'),
 (18,'SIF_Unregister'),
 (19,'SIF_Unsubscribe'),
 (20,'SIF_ServiceInput'),
 (21,'SIF_ServiceOutput'),
 (22,'SIF_ServiceNotify');

DROP TABLE IF EXISTS `versions`;
CREATE TABLE  `versions` (
  `VERSION_ID` int(10) unsigned NOT NULL AUTO_INCREMENT,
  `VERSION_DESC` varchar(255) NOT NULL DEFAULT '',
  `VERSION_DIRECTORY` varchar(255) NOT NULL DEFAULT '',
  `SCHEMA_DIRECTORY` varchar(255) NOT NULL DEFAULT '',
  `VERSION_NUM` varchar(10) NOT NULL DEFAULT '',
  `VERSION_NAMESPACE` varchar(255) NOT NULL DEFAULT '',
  `ACTIVE` int(10) unsigned NOT NULL DEFAULT '0',
  PRIMARY KEY (`VERSION_ID`)
) ENGINE=InnoDB AUTO_INCREMENT=311 DEFAULT CHARSET=utf8;
INSERT INTO `versions` (`VERSION_ID`,`VERSION_DESC`,`VERSION_DIRECTORY`,`SCHEMA_DIRECTORY`,`VERSION_NUM`,`VERSION_NAMESPACE`,`ACTIVE`) VALUES 
 (3,'US 1.5r1','us_1_5r1_lib/','../ZIT_APPLICATION/sif_schema/us_1_5r1/XSD/SIF_Message.xsd','1.5r1','http://www.sifinfo.org/infrastructure/1.x',1),
 (4,'US 2.0r1','us_2_0_r1_lib/','../ZIT_APPLICATION/sif_schema/us_2_0_r1/SIF_Message.xsd.xml','2.0r1','http://www.sifinfo.org/infrastructure/2.x',1),
 (6,'US 2.1','us_2_1_lib/','../ZIT_APPLICATION/sif_schema/us_2_1/SIF_Message.xsd.xml','2.1','http://www.sifinfo.org/infrastructure/2.x',1),
 (122,'US 2.2','us_2_2_lib/','../ZIT_APPLICATION/sif_schema/us_2_2/SIF_Message.xsd.xml','2.2','http://www.sifinfo.org/infrastructure/2.x',1),
 (123,'US 2.3','us_2_3_lib/','../ZIT_APPLICATION/sif_schema/us_2_3/SIF_Message.xsd.xml','2.3','http://www.sifinfo.org/infrastructure/2.x',1),
 (124,'US 2.4','us_2_4_lib/','../ZIT_APPLICATION/sif_schema/us_2_4/SIF_Message.xsd.xml','2.4','http://www.sifinfo.org/infrastructure/2.x',1),
 (125,'US 2.5','us_2_5_lib/','../ZIT_APPLICATION/sif_schema/us_2_5/SIF_Message.xsd.xml','2.5','http://www.sifinfo.org/infrastructure/2.x',1),
 (210,'UK 1.0','uk_1_0_lib/','../ZIT_APPLICATION/sif_schema/uk_1_0/SIF_Message.xsd.xml','2.0r1','http://www.sifinfo.org/uk/infrastructure/2.x',1),
 (211,'UK 1.1','uk_1_1_lib/','../ZIT_APPLICATION/sif_schema/uk_1_1/SIF_Message.xsd.xml','2.1','http://www.sifinfo.org/uk/infrastructure/2.x',1),
 (212,'UK 1.2','uk_1_2_lib/','../ZIT_APPLICATION/sif_schema/uk_1_2/SIF_Message.xsd.xml','2.3','http://www.sifinfo.org/uk/infrastructure/2.x',1),
 (310,'AU 1.0','au_1_0_lib/','../ZIT_APPLICATION/sif_schema/au_1_0/SIF_Message.xsd.xml','1.0','http://www.sifinfo.org/au/infrastructure/2.x',1);

DROP TABLE IF EXISTS `zit_admin`;
CREATE TABLE  `zit_admin` (
  `ADMIN_ID` int(10) unsigned NOT NULL AUTO_INCREMENT,
  `ADMIN_USERNAME` varchar(45) NOT NULL DEFAULT '',
  `ADMIN_PASSWORD` varchar(45) NOT NULL DEFAULT '',
  `ZIT_ID` int(10) unsigned NOT NULL DEFAULT '0',
  `ADMIN_LEVEL_ID` int(10) unsigned NOT NULL DEFAULT '2',
  `FIRST_NAME` varchar(255) DEFAULT '',
  `LAST_NAME` varchar(255) DEFAULT '',
  `EMAIL` varchar(255) DEFAULT '',
  `ACTIVE` int(10) unsigned NOT NULL DEFAULT '1',
  `ATTEMPTS` int(10) unsigned NOT NULL DEFAULT '0',
  `LAST_LOGIN` datetime DEFAULT '0000-00-00 00:00:00',
  PRIMARY KEY (`ADMIN_ID`)
) ENGINE=InnoDB AUTO_INCREMENT=2 DEFAULT CHARSET=utf8;
INSERT INTO `zit_admin` (`ADMIN_ID`,`ADMIN_USERNAME`,`ADMIN_PASSWORD`,`ZIT_ID`,`ADMIN_LEVEL_ID`,`FIRST_NAME`,`LAST_NAME`,`EMAIL`,`ACTIVE`,`LAST_LOGIN`) VALUES 
 (1,'admin','admin',1,1,'admin','admin','admin@admin.com',1,'2010-03-20 13:03:08');

DROP TABLE IF EXISTS `zit_log`;
CREATE TABLE  `zit_log` (
  `LOG_ID` int(10) unsigned NOT NULL AUTO_INCREMENT,
  `CREATE_TIMESTAMP` datetime NOT NULL DEFAULT '0000-00-00 00:00:00',
  `REC_XML` mediumtext NOT NULL,
  `SENT_XML` mediumtext NOT NULL,
  `ZONE_ID` int(10) unsigned NOT NULL DEFAULT '0',
  `AGENT_ID` int(10) unsigned DEFAULT NULL,
  `SIF_MESSAGE_TYPE_ID` int(10) unsigned NOT NULL,
  `LOG_MESSAGE_TYPE_ID` int(10) unsigned NOT NULL,
  `ARCHIVED` tinyint(10) unsigned NOT NULL DEFAULT '0',
  PRIMARY KEY (`LOG_ID`)
) ENGINE=InnoDB AUTO_INCREMENT=143 DEFAULT CHARSET=utf8;


DROP TABLE IF EXISTS `zit_server`;
CREATE TABLE  `zit_server` (
  `ZIT_ID` int(10) unsigned NOT NULL AUTO_INCREMENT,
  `SOURCE_ID` varchar(255) NOT NULL DEFAULT '',
  `ASLEEP` int(10) unsigned NOT NULL DEFAULT '0',
  `ADMIN_URL` varchar(255) NOT NULL DEFAULT '',
  `ZIT_NAME` varchar(255) NOT NULL DEFAULT '',
  `MIN_BUFFER` varchar(255) NOT NULL DEFAULT '',
  `MAX_BUFFER` varchar(255) NOT NULL DEFAULT '',
  `ZIT_URL` varchar(255) NOT NULL DEFAULT '',
  PRIMARY KEY (`ZIT_ID`)
) ENGINE=InnoDB AUTO_INCREMENT=2 DEFAULT CHARSET=utf8;
INSERT INTO `zit_server` (`ZIT_ID`,`SOURCE_ID`,`ASLEEP`,`ADMIN_URL`,`ZIT_NAME`,`MIN_BUFFER`,`MAX_BUFFER`,`ZIT_URL`) VALUES 
 (1,'zis',0,'http://www.openzis.info/admin','zis','1024','1024000000','http://www.openzis.info/zis');

DROP TABLE IF EXISTS `zone_authentication_type`;
CREATE TABLE  `zone_authentication_type` (
  `zone_authentication_type_id` int(10) unsigned NOT NULL,
  `zone_authentication_type_desc` varchar(255) NOT NULL,
  PRIMARY KEY (`zone_authentication_type_id`)
) ENGINE=InnoDB DEFAULT CHARSET=utf8;
INSERT INTO `zone_authentication_type` (`zone_authentication_type_id`,`zone_authentication_type_desc`) VALUES 
 (0,'No Authentication'),
 (1,'Username and Password'),
 (2,'Certificate');

DROP TABLE IF EXISTS `agent_requester`;
DROP TABLE IF EXISTS `agent_requester`;
CREATE TABLE `agent_requester` (
  `REQUESTER_ID` int(10) unsigned NOT NULL auto_increment,
  `AGENT_ID` int(10) unsigned NOT NULL default '0',
  `OBJECT_TYPE_ID` int(10) unsigned NOT NULL default '0',
  `REQUESTER_TIMESTAMP` datetime NOT NULL default '0000-00-00 00:00:00',
  `CONTEXT_ID` int(10) unsigned NOT NULL default '0',
  `ZONE_ID` int(10) unsigned NOT NULL default '0',
  PRIMARY KEY  (`REQUESTER_ID`)
) ENGINE=InnoDB DEFAULT CHARSET=UTF8;


DROP TABLE IF EXISTS `zones`;
CREATE TABLE  `zones` (
  `ZONE_ID` int(10) unsigned NOT NULL AUTO_INCREMENT,
  `ZONE_DESC` varchar(255) NOT NULL DEFAULT '',
  `SOURCE_ID` varchar(255) NOT NULL DEFAULT '',
  `CREATE_TIMESTAMP` datetime NOT NULL DEFAULT '0000-00-00 00:00:00',
  `UPDATE_TIMESTAMP` datetime DEFAULT NULL,
  `ADMIN_ID` int(10) unsigned NOT NULL DEFAULT '0',
  `VERSION_ID` int(10) unsigned NOT NULL DEFAULT '0',
  `SLEEPING` int(10) unsigned NOT NULL DEFAULT '0',
  `ZONE_AUTHENTICATION_TYPE_ID` int(10) unsigned NOT NULL,
  PRIMARY KEY (`ZONE_ID`)
) ENGINE=InnoDB AUTO_INCREMENT=3 DEFAULT CHARSET=utf8;

DROP TABLE IF EXISTS `agent_requester`;
CREATE TABLE `agent_requester` (
  `REQUESTER_ID` int(10) unsigned NOT NULL auto_increment,
  `AGENT_ID` int(10) unsigned NOT NULL default '0',
  `OBJECT_TYPE_ID` int(10) unsigned NOT NULL default '0',
  `REQUESTER_TIMESTAMP` datetime NOT NULL default '0000-00-00 00:00:00',
  `CONTEXT_ID` int(10) unsigned NOT NULL default '0',
  `ZONE_ID` int(10) unsigned NOT NULL default '0',
  PRIMARY KEY  (`REQUESTER_ID`)
) ENGINE=InnoDB DEFAULT CHARSET=utf8;
 
 
DROP TABLE IF EXISTS `agent_responder`;
CREATE TABLE `agent_responder` (
  `RESPONDER_ID` int(10) unsigned NOT NULL auto_increment,
  `AGENT_ID` int(10) unsigned NOT NULL default '0',
  `OBJECT_TYPE_ID` int(10) unsigned NOT NULL default '0',
  `RESPONDER_TIMESTAMP` datetime NOT NULL default '0000-00-00 00:00:00',
  `CONTEXT_ID` int(10) unsigned NOT NULL default '0',
  `ZONE_ID` int(10) unsigned NOT NULL default '0',
  PRIMARY KEY  (`RESPONDER_ID`)
) ENGINE=InnoDB DEFAULT CHARSET=utf8;


ALTER TABLE `response` ADD INDEX response_idx(`ZONE_ID`, `AGENT_ID_REQUESTER`, `STATUS_ID`, `CONTEXT_ID`);

ALTER TABLE `request` ADD INDEX request_idx(`ZONE_ID`, `AGENT_ID_RESPONDER`, `STATUS_ID`, `CONTEXT_ID`);

ALTER TABLE `event` ADD INDEX event_idx(`ZONE_ID`, `AGENT_ID_REC`, `STATUS_ID`, `CONTEXT_ID`);



/*!40101 SET SQL_MODE=@OLD_SQL_MODE */;
/*!40014 SET FOREIGN_KEY_CHECKS=@OLD_FOREIGN_KEY_CHECKS */;
/*!40014 SET UNIQUE_CHECKS=@OLD_UNIQUE_CHECKS */;
/*!40101 SET CHARACTER_SET_CLIENT=@OLD_CHARACTER_SET_CLIENT */;
/*!40101 SET CHARACTER_SET_RESULTS=@OLD_CHARACTER_SET_RESULTS */;
/*!40101 SET COLLATION_CONNECTION=@OLD_COLLATION_CONNECTION */;
/*!40101 SET CHARACTER_SET_CLIENT=@OLD_CHARACTER_SET_CLIENT */;
