INSERT INTO zit_server (ZIT_ID,SOURCE_ID,ASLEEP,ADMIN_URL,ZIT_NAME,MIN_BUFFER,MAX_BUFFER,ZIT_URL) VALUES 
 (1,'zis',0,'http://www.openzis.info/admin','zis','1024','102400','http://www.openzis.info/zis');

INSERT INTO zone_authentication_type (zone_authentication_type_id,zone_authentication_type_desc) VALUES (0,'No Authentication');
INSERT INTO zone_authentication_type (zone_authentication_type_id,zone_authentication_type_desc) VALUES (1,'Username and Password');
INSERT INTO zone_authentication_type (zone_authentication_type_id,zone_authentication_type_desc) VALUES (2,'Certificate');

INSERT INTO zit_admin (ADMIN_ID,ADMIN_USERNAME,ADMIN_PASSWORD,ZIT_ID,ADMIN_LEVEL_ID,FIRST_NAME,LAST_NAME,EMAIL,ACTIVE,LAST_LOGIN) VALUES 
 (1,'admin','admin',1,1,'admin','admin','admin@admin.com',1,sysdate);


INSERT INTO versions (VERSION_ID,VERSION_DESC,VERSION_DIRECTORY,SCHEMA_DIRECTORY,VERSION_NUM,VERSION_NAMESPACE,ACTIVE) VALUES (3,'US 1.5r1','us_1_5r1_lib/','../ZIT_APPLICATION/sif_schema/us_1_5r1/XSD/SIF_Message.xsd','1.5r1','http://www.sifinfo.org/infrastructure/1.x',1);
INSERT INTO versions (VERSION_ID,VERSION_DESC,VERSION_DIRECTORY,SCHEMA_DIRECTORY,VERSION_NUM,VERSION_NAMESPACE,ACTIVE) VALUES  (4,'US 2.0r1','us_2_0_r1_lib/','../ZIT_APPLICATION/sif_schema/us_2_0_r1/SIF_Message.xsd.xml','2.0r1','http://www.sifinfo.org/infrastructure/2.x',1);
INSERT INTO versions (VERSION_ID,VERSION_DESC,VERSION_DIRECTORY,SCHEMA_DIRECTORY,VERSION_NUM,VERSION_NAMESPACE,ACTIVE) VALUES  (6,'US 2.1','us_2_1_lib/','../ZIT_APPLICATION/sif_schema/us_2_1/SIF_Message.xsd.xml','2.1','http://www.sifinfo.org/infrastructure/2.x',1);
INSERT INTO versions (VERSION_ID,VERSION_DESC,VERSION_DIRECTORY,SCHEMA_DIRECTORY,VERSION_NUM,VERSION_NAMESPACE,ACTIVE) VALUES  (122,'US 2.2','us_2_2_lib/','../ZIT_APPLICATION/sif_schema/us_2_2/SIF_Message.xsd.xml','2.2','http://www.sifinfo.org/infrastructure/2.x',1);
INSERT INTO versions (VERSION_ID,VERSION_DESC,VERSION_DIRECTORY,SCHEMA_DIRECTORY,VERSION_NUM,VERSION_NAMESPACE,ACTIVE) VALUES  (123,'US 2.3','us_2_3_lib/','../ZIT_APPLICATION/sif_schema/us_2_3/SIF_Message.xsd.xml','2.3','http://www.sifinfo.org/infrastructure/2.x',1);
INSERT INTO versions (VERSION_ID,VERSION_DESC,VERSION_DIRECTORY,SCHEMA_DIRECTORY,VERSION_NUM,VERSION_NAMESPACE,ACTIVE) VALUES  (210,'UK 1.0','uk_1_0_lib/','../ZIT_APPLICATION/sif_schema/uk_1_0/SIF_Message.xsd.xml','2.0r1','http://www.sifinfo.org/uk/infrastructure/2.x',1);
INSERT INTO versions (VERSION_ID,VERSION_DESC,VERSION_DIRECTORY,SCHEMA_DIRECTORY,VERSION_NUM,VERSION_NAMESPACE,ACTIVE) VALUES  (211,'UK 1.1','uk_1_1_lib/','../ZIT_APPLICATION/sif_schema/uk_1_1/SIF_Message.xsd.xml','2.1','http://www.sifinfo.org/uk/infrastructure/2.x',1);
INSERT INTO versions (VERSION_ID,VERSION_DESC,VERSION_DIRECTORY,SCHEMA_DIRECTORY,VERSION_NUM,VERSION_NAMESPACE,ACTIVE) VALUES  (212,'UK 1.2','uk_1_2_lib/','../ZIT_APPLICATION/sif_schema/uk_1_2/SIF_Message.xsd.xml','2.3','http://www.sifinfo.org/uk/infrastructure/2.x',1);
INSERT INTO versions (VERSION_ID,VERSION_DESC,VERSION_DIRECTORY,SCHEMA_DIRECTORY,VERSION_NUM,VERSION_NAMESPACE,ACTIVE) VALUES  (310,'AU 1.0','au_1_0_lib/','../ZIT_APPLICATION/sif_schema/au_1_0/SIF_Message.xsd.xml','1.0','http://www.sifinfo.org/au/infrastructure/2.x',1);

INSERT INTO sif_message_type (SIF_MESSAGE_TYPE_ID,SIF_MESSAGE_TYPE_DESC) VALUES (1,'SIF_Ack');
INSERT INTO sif_message_type (SIF_MESSAGE_TYPE_ID,SIF_MESSAGE_TYPE_DESC) VALUES (2,'SIF_Event');
INSERT INTO sif_message_type (SIF_MESSAGE_TYPE_ID,SIF_MESSAGE_TYPE_DESC) VALUES  (3,'SIF_Provide');
INSERT INTO sif_message_type (SIF_MESSAGE_TYPE_ID,SIF_MESSAGE_TYPE_DESC) VALUES  (4,'SIF_Provision');
INSERT INTO sif_message_type (SIF_MESSAGE_TYPE_ID,SIF_MESSAGE_TYPE_DESC) VALUES  (5,'SIF_Register');
INSERT INTO sif_message_type (SIF_MESSAGE_TYPE_ID,SIF_MESSAGE_TYPE_DESC) VALUES  (6,'SIF_Request');
INSERT INTO sif_message_type (SIF_MESSAGE_TYPE_ID,SIF_MESSAGE_TYPE_DESC) VALUES  (7,'SIF_Response');
INSERT INTO sif_message_type (SIF_MESSAGE_TYPE_ID,SIF_MESSAGE_TYPE_DESC) VALUES  (8,'SIF_Subscribe');
INSERT INTO sif_message_type (SIF_MESSAGE_TYPE_ID,SIF_MESSAGE_TYPE_DESC) VALUES  (9,'SIF_SystemControl');
INSERT INTO sif_message_type (SIF_MESSAGE_TYPE_ID,SIF_MESSAGE_TYPE_DESC) VALUES  (10,'SIF_Ping');
INSERT INTO sif_message_type (SIF_MESSAGE_TYPE_ID,SIF_MESSAGE_TYPE_DESC) VALUES  (11,'SIF_Sleep');
INSERT INTO sif_message_type (SIF_MESSAGE_TYPE_ID,SIF_MESSAGE_TYPE_DESC) VALUES  (12,'SIF_Wakeup');
INSERT INTO sif_message_type (SIF_MESSAGE_TYPE_ID,SIF_MESSAGE_TYPE_DESC) VALUES  (13,'SIF_GetMessage');
INSERT INTO sif_message_type (SIF_MESSAGE_TYPE_ID,SIF_MESSAGE_TYPE_DESC) VALUES  (14,'SIF_GetZoneStatus');
INSERT INTO sif_message_type (SIF_MESSAGE_TYPE_ID,SIF_MESSAGE_TYPE_DESC) VALUES  (15,'SIF_GetAgentACL');
INSERT INTO sif_message_type (SIF_MESSAGE_TYPE_ID,SIF_MESSAGE_TYPE_DESC) VALUES  (16,'SIF_CancelRequests');
INSERT INTO sif_message_type (SIF_MESSAGE_TYPE_ID,SIF_MESSAGE_TYPE_DESC) VALUES  (17,'SIF_Unprovide');
INSERT INTO sif_message_type (SIF_MESSAGE_TYPE_ID,SIF_MESSAGE_TYPE_DESC) VALUES  (18,'SIF_Unregister');
INSERT INTO sif_message_type (SIF_MESSAGE_TYPE_ID,SIF_MESSAGE_TYPE_DESC) VALUES  (19,'SIF_Unsubscribe');

INSERT INTO sif_authentication_level (SIF_AUTHENTICATION_LEVEL_ID,SIF_AUTHENTICATION_LEVEL_DESC) VALUES (0,'No authentication required and a valid certificate does not need to be presented.');
INSERT INTO sif_authentication_level (SIF_AUTHENTICATION_LEVEL_ID,SIF_AUTHENTICATION_LEVEL_DESC) VALUES  (1,'A valid certificate must be presented.');
INSERT INTO sif_authentication_level (SIF_AUTHENTICATION_LEVEL_ID,SIF_AUTHENTICATION_LEVEL_DESC) VALUES  (2,'A valid certificate from a trusted certificate authority must be presented.');
INSERT INTO sif_authentication_level (SIF_AUTHENTICATION_LEVEL_ID,SIF_AUTHENTICATION_LEVEL_DESC) VALUES  (3,'A valid certificate from a trusted certificate authority must be presented and the CN field of the certificates Subject entry must match the host sending the certificate');


INSERT INTO log_message_type (LOG_MESSAGE_TYPE_ID,LOG_MESSAGE_TYPE_DESC) VALUES  (1,'Pushed');
INSERT INTO log_message_type (LOG_MESSAGE_TYPE_ID,LOG_MESSAGE_TYPE_DESC) VALUES  (2,'Received');

INSERT INTO event_status (STATUS_ID,STATUS_DESC) VALUES (1,'New');
INSERT INTO event_status (STATUS_ID,STATUS_DESC) VALUES (2,'Read');
INSERT INTO event_status (STATUS_ID,STATUS_DESC) VALUES (3,'Ack');
INSERT INTO event_status (STATUS_ID,STATUS_DESC) VALUES (4,'Error');


INSERT INTO event_actions (ACTION_ID,ACTION_DESC) VALUES (1,'add');
INSERT INTO event_actions (ACTION_ID,ACTION_DESC) VALUES (2,'change');
INSERT INTO event_actions (ACTION_ID,ACTION_DESC) VALUES (3,'delete');
INSERT INTO event_actions (ACTION_ID,ACTION_DESC) VALUES (4,'request');
INSERT INTO event_actions (ACTION_ID,ACTION_DESC) VALUES (5,'response');



INSERT INTO data_object_group (GROUP_ID,GROUP_DESC,VERSION_ID) VALUES (31,'Data Warehouse Working Group',3);
INSERT INTO data_object_group (GROUP_ID,GROUP_DESC,VERSION_ID) VALUES (32,'Food Services Working Group',3);
INSERT INTO data_object_group (GROUP_ID,GROUP_DESC,VERSION_ID) VALUES (33,'Human Resources & Financials Working Group',3);
INSERT INTO data_object_group (GROUP_ID,GROUP_DESC,VERSION_ID) VALUES (34,'Infrastructure Working Group',3);
INSERT INTO data_object_group (GROUP_ID,GROUP_DESC,VERSION_ID) VALUES (35,'Instructional Services Task Force',3);
INSERT INTO data_object_group (GROUP_ID,GROUP_DESC,VERSION_ID) VALUES (36,'Library Automation Working Group',3);
INSERT INTO data_object_group (GROUP_ID,GROUP_DESC,VERSION_ID) VALUES (37,'Student Information Systems Working Group',3);
INSERT INTO data_object_group (GROUP_ID,GROUP_DESC,VERSION_ID) VALUES (38,'Transportation and Geographic Information Working Group',3);
INSERT INTO data_object_group (GROUP_ID,GROUP_DESC,VERSION_ID) VALUES (39,'Vertical Reporting Task Force',3);
INSERT INTO data_object_group (GROUP_ID,GROUP_DESC,VERSION_ID) VALUES (41,'Assessment Working Group',4);
INSERT INTO data_object_group (GROUP_ID,GROUP_DESC,VERSION_ID) VALUES (42,'Data Model Task Force',4);
INSERT INTO data_object_group (GROUP_ID,GROUP_DESC,VERSION_ID) VALUES (43,'Data Warehouse Working Group',4);
INSERT INTO data_object_group (GROUP_ID,GROUP_DESC,VERSION_ID) VALUES (44,'Food Services Working Group',4);
INSERT INTO data_object_group (GROUP_ID,GROUP_DESC,VERSION_ID) VALUES (45,'Grade Book Working Group',4);
INSERT INTO data_object_group (GROUP_ID,GROUP_DESC,VERSION_ID) VALUES (46,'Human Resources & Financials Working Group',4);
INSERT INTO data_object_group (GROUP_ID,GROUP_DESC,VERSION_ID) VALUES (47,'Infrastructure Working Group',4);
INSERT INTO data_object_group (GROUP_ID,GROUP_DESC,VERSION_ID) VALUES (48,'Instructional Services Task Force',4);
INSERT INTO data_object_group (GROUP_ID,GROUP_DESC,VERSION_ID) VALUES (49,'Library Automation Working Group',4);
INSERT INTO data_object_group (GROUP_ID,GROUP_DESC,VERSION_ID) VALUES (61,'Assessment Working Group',6);
INSERT INTO data_object_group (GROUP_ID,GROUP_DESC,VERSION_ID) VALUES (62,'Data Model Task Force',6);
INSERT INTO data_object_group (GROUP_ID,GROUP_DESC,VERSION_ID) VALUES (63,'Data Warehouse Working Group',6);
INSERT INTO data_object_group (GROUP_ID,GROUP_DESC,VERSION_ID) VALUES (64,'Food Services Working Group',6);
INSERT INTO data_object_group (GROUP_ID,GROUP_DESC,VERSION_ID) VALUES (65,'Grade Book Working Group',6);
INSERT INTO data_object_group (GROUP_ID,GROUP_DESC,VERSION_ID) VALUES (66,'Human Resources & Financials Working Group',6);
INSERT INTO data_object_group (GROUP_ID,GROUP_DESC,VERSION_ID) VALUES (67,'Infrastructure Working Group',6);
INSERT INTO data_object_group (GROUP_ID,GROUP_DESC,VERSION_ID) VALUES (68,'Instructional Services Task Force',6);
INSERT INTO data_object_group (GROUP_ID,GROUP_DESC,VERSION_ID) VALUES (69,'Library Automation Working Group',6);
INSERT INTO data_object_group (GROUP_ID,GROUP_DESC,VERSION_ID) VALUES (411,'Professional Development Working Group',4);
INSERT INTO data_object_group (GROUP_ID,GROUP_DESC,VERSION_ID) VALUES (412,'Special Programs Working Group',4);
INSERT INTO data_object_group (GROUP_ID,GROUP_DESC,VERSION_ID) VALUES (413,'Student Information Systems Working Group',4);
INSERT INTO data_object_group (GROUP_ID,GROUP_DESC,VERSION_ID) VALUES (414,'Student Record Exchange Task Force',4);
INSERT INTO data_object_group (GROUP_ID,GROUP_DESC,VERSION_ID) VALUES (415,'Transportation and Geographic Information Working Group',4);
INSERT INTO data_object_group (GROUP_ID,GROUP_DESC,VERSION_ID) VALUES (416,'Vertical Reporting Task Force',4);
INSERT INTO data_object_group (GROUP_ID,GROUP_DESC,VERSION_ID) VALUES (611,'Professional Development Working Group',6);
INSERT INTO data_object_group (GROUP_ID,GROUP_DESC,VERSION_ID) VALUES (612,'Special Programs Working Group',6);
INSERT INTO data_object_group (GROUP_ID,GROUP_DESC,VERSION_ID) VALUES (613,'Student Information Systems Working Group',6);
INSERT INTO data_object_group (GROUP_ID,GROUP_DESC,VERSION_ID) VALUES (614,'Student Record Exchange Task Force',6);
INSERT INTO data_object_group (GROUP_ID,GROUP_DESC,VERSION_ID) VALUES (615,'Transportation and Geographic Information Working Group',6);
INSERT INTO data_object_group (GROUP_ID,GROUP_DESC,VERSION_ID) VALUES (616,'Vertical Reporting Task Force',6);
INSERT INTO data_object_group (GROUP_ID,GROUP_DESC,VERSION_ID) VALUES (1221,'Assessment Working Group',122);
INSERT INTO data_object_group (GROUP_ID,GROUP_DESC,VERSION_ID) VALUES (1222,'Data Model Task Force',122);
INSERT INTO data_object_group (GROUP_ID,GROUP_DESC,VERSION_ID) VALUES (1223,'Data Warehouse Working Group',122);
INSERT INTO data_object_group (GROUP_ID,GROUP_DESC,VERSION_ID) VALUES (1224,'Food Services Working Group',122);
INSERT INTO data_object_group (GROUP_ID,GROUP_DESC,VERSION_ID) VALUES (1225,'Grade Book Working Group',122);
INSERT INTO data_object_group (GROUP_ID,GROUP_DESC,VERSION_ID) VALUES (1226,'Human Resources & Financials Working Group',122);
INSERT INTO data_object_group (GROUP_ID,GROUP_DESC,VERSION_ID) VALUES (1227,'Infrastructure Working Group',122);
INSERT INTO data_object_group (GROUP_ID,GROUP_DESC,VERSION_ID) VALUES (1228,'Instructional Services Task Force',122);
INSERT INTO data_object_group (GROUP_ID,GROUP_DESC,VERSION_ID) VALUES (1229,'Library Automation Working Group',122);
INSERT INTO data_object_group (GROUP_ID,GROUP_DESC,VERSION_ID) VALUES (1231,'Assessment Working Group',123);
INSERT INTO data_object_group (GROUP_ID,GROUP_DESC,VERSION_ID) VALUES (1232,'Data Model Task Force',123);
INSERT INTO data_object_group (GROUP_ID,GROUP_DESC,VERSION_ID) VALUES (1233,'Data Warehouse Working Group',123);
INSERT INTO data_object_group (GROUP_ID,GROUP_DESC,VERSION_ID) VALUES (1234,'Food Services Working Group',123);
INSERT INTO data_object_group (GROUP_ID,GROUP_DESC,VERSION_ID) VALUES (1235,'Grade Book Working Group',123);
INSERT INTO data_object_group (GROUP_ID,GROUP_DESC,VERSION_ID) VALUES (1236,'Human Resources & Financials Working Group',123);
INSERT INTO data_object_group (GROUP_ID,GROUP_DESC,VERSION_ID) VALUES (1237,'Infrastructure Working Group',123);
INSERT INTO data_object_group (GROUP_ID,GROUP_DESC,VERSION_ID) VALUES (1238,'Instructional Services Task Force',123);
INSERT INTO data_object_group (GROUP_ID,GROUP_DESC,VERSION_ID) VALUES (1239,'Library Automation Working Group',123);
INSERT INTO data_object_group (GROUP_ID,GROUP_DESC,VERSION_ID) VALUES (2101,'Data Model Task Force',210);
INSERT INTO data_object_group (GROUP_ID,GROUP_DESC,VERSION_ID) VALUES (2102,'Infrastructure Working Group',210);
INSERT INTO data_object_group (GROUP_ID,GROUP_DESC,VERSION_ID) VALUES (2103,'SIF UK',210);
INSERT INTO data_object_group (GROUP_ID,GROUP_DESC,VERSION_ID) VALUES (2110,'Data Model Task Force',211);
INSERT INTO data_object_group (GROUP_ID,GROUP_DESC,VERSION_ID) VALUES (2111,'Infrastructure Working Group',211);
INSERT INTO data_object_group (GROUP_ID,GROUP_DESC,VERSION_ID) VALUES (2112,'SIF UK',211);
INSERT INTO data_object_group (GROUP_ID,GROUP_DESC,VERSION_ID) VALUES (2120,'SIF UK',212);
INSERT INTO data_object_group (GROUP_ID,GROUP_DESC,VERSION_ID) VALUES (3100,'SIF AU',310);
INSERT INTO data_object_group (GROUP_ID,GROUP_DESC,VERSION_ID) VALUES (12210,'Professional Development Working Group',122);
INSERT INTO data_object_group (GROUP_ID,GROUP_DESC,VERSION_ID) VALUES (12211,'Special Programs Working Group',122);
INSERT INTO data_object_group (GROUP_ID,GROUP_DESC,VERSION_ID) VALUES (12212,'Student Information Systems Working Group',122);
INSERT INTO data_object_group (GROUP_ID,GROUP_DESC,VERSION_ID) VALUES (12213,'Student Record Exchange Task Force',122);
INSERT INTO data_object_group (GROUP_ID,GROUP_DESC,VERSION_ID) VALUES (12214,'Transportation and Geographic Information Working Group',122);
INSERT INTO data_object_group (GROUP_ID,GROUP_DESC,VERSION_ID) VALUES (12215,'Vertical Reporting Task Force',122);
INSERT INTO data_object_group (GROUP_ID,GROUP_DESC,VERSION_ID) VALUES (12310,'Professional Development Working Group',123);
INSERT INTO data_object_group (GROUP_ID,GROUP_DESC,VERSION_ID) VALUES (12311,'Special Programs Working Group',123);
INSERT INTO data_object_group (GROUP_ID,GROUP_DESC,VERSION_ID) VALUES (12312,'Student Information Systems Working Group',123);
INSERT INTO data_object_group (GROUP_ID,GROUP_DESC,VERSION_ID) VALUES (12313,'Student Record Exchange Task Force',123);
INSERT INTO data_object_group (GROUP_ID,GROUP_DESC,VERSION_ID) VALUES (12314,'Transportation and Geographic Information Working Group',123);
INSERT INTO data_object_group (GROUP_ID,GROUP_DESC,VERSION_ID) VALUES (12315,'Vertical Reporting Task Force',123);




INSERT INTO data_object (OBJECT_NAME,OBJECT_ID,GROUP_ID,VERSION_ID) VALUES ('AggregateStatisticInfo',1,31,3);
INSERT INTO data_object (OBJECT_NAME,OBJECT_ID,GROUP_ID,VERSION_ID) VALUES ('AggregateCharacteristicInfo',2,31,3);
INSERT INTO data_object (OBJECT_NAME,OBJECT_ID,GROUP_ID,VERSION_ID) VALUES ('AggregateStatisticFact',3,31,3);
INSERT INTO data_object (OBJECT_NAME,OBJECT_ID,GROUP_ID,VERSION_ID) VALUES ('FinancialTransaction',4,32,3);
INSERT INTO data_object (OBJECT_NAME,OBJECT_ID,GROUP_ID,VERSION_ID) VALUES ('FinancialIncomeStatement',5,32,3);
INSERT INTO data_object (OBJECT_NAME,OBJECT_ID,GROUP_ID,VERSION_ID) VALUES ('FinancialClass',6,32,3);
INSERT INTO data_object (OBJECT_NAME,OBJECT_ID,GROUP_ID,VERSION_ID) VALUES ('FinancialAccountAccountingPeriodLocationInfo',7,32,3);
INSERT INTO data_object (OBJECT_NAME,OBJECT_ID,GROUP_ID,VERSION_ID) VALUES ('FinancialAccount',8,32,3);
INSERT INTO data_object (OBJECT_NAME,OBJECT_ID,GROUP_ID,VERSION_ID) VALUES ('AccountingPeriod',9,32,3);
INSERT INTO data_object (OBJECT_NAME,OBJECT_ID,GROUP_ID,VERSION_ID) VALUES ('FiscalYear',10,32,3);
INSERT INTO data_object (OBJECT_NAME,OBJECT_ID,GROUP_ID,VERSION_ID) VALUES ('FoodserviceItem',11,32,3);
INSERT INTO data_object (OBJECT_NAME,OBJECT_ID,GROUP_ID,VERSION_ID) VALUES ('FoodserviceItemPortion',12,32,3);
INSERT INTO data_object (OBJECT_NAME,OBJECT_ID,GROUP_ID,VERSION_ID) VALUES ('FoodserviceItemSales',13,32,3);
INSERT INTO data_object (OBJECT_NAME,OBJECT_ID,GROUP_ID,VERSION_ID) VALUES ('FoodserviceItemUnit',14,32,3);
INSERT INTO data_object (OBJECT_NAME,OBJECT_ID,GROUP_ID,VERSION_ID) VALUES ('FoodserviceMealPrices',15,32,3);
INSERT INTO data_object (OBJECT_NAME,OBJECT_ID,GROUP_ID,VERSION_ID) VALUES ('FoodserviceReimbursementRates',16,32,3);
INSERT INTO data_object (OBJECT_NAME,OBJECT_ID,GROUP_ID,VERSION_ID) VALUES ('FoodserviceSales',17,32,3);
INSERT INTO data_object (OBJECT_NAME,OBJECT_ID,GROUP_ID,VERSION_ID) VALUES ('FoodserviceTransaction',18,32,3);
INSERT INTO data_object (OBJECT_NAME,OBJECT_ID,GROUP_ID,VERSION_ID) VALUES ('FoodserviceTransactionDetails',19,32,3);
INSERT INTO data_object (OBJECT_NAME,OBJECT_ID,GROUP_ID,VERSION_ID) VALUES ('FoodserviceTransactionPayMethod',20,32,3);
INSERT INTO data_object (OBJECT_NAME,OBJECT_ID,GROUP_ID,VERSION_ID) VALUES ('StaffMeal',21,32,3);
INSERT INTO data_object (OBJECT_NAME,OBJECT_ID,GROUP_ID,VERSION_ID) VALUES ('StudentMeal',22,32,3);
INSERT INTO data_object (OBJECT_NAME,OBJECT_ID,GROUP_ID,VERSION_ID) VALUES ('ActivityProvider',23,33,3);
INSERT INTO data_object (OBJECT_NAME,OBJECT_ID,GROUP_ID,VERSION_ID) VALUES ('Billing',24,33,3);
INSERT INTO data_object (OBJECT_NAME,OBJECT_ID,GROUP_ID,VERSION_ID) VALUES ('EmployeeAssignment',25,33,3);
INSERT INTO data_object (OBJECT_NAME,OBJECT_ID,GROUP_ID,VERSION_ID) VALUES ('EmployeeContract',26,33,3);
INSERT INTO data_object (OBJECT_NAME,OBJECT_ID,GROUP_ID,VERSION_ID) VALUES ('EmployeePersonal',27,33,3);
INSERT INTO data_object (OBJECT_NAME,OBJECT_ID,GROUP_ID,VERSION_ID) VALUES ('EmployeePicture',28,33,3);
INSERT INTO data_object (OBJECT_NAME,OBJECT_ID,GROUP_ID,VERSION_ID) VALUES ('EmployeeHR',29,33,3);
INSERT INTO data_object (OBJECT_NAME,OBJECT_ID,GROUP_ID,VERSION_ID) VALUES ('EmployeeRecertification',30,33,3);
INSERT INTO data_object (OBJECT_NAME,OBJECT_ID,GROUP_ID,VERSION_ID) VALUES ('EmployeeCredential',31,33,3);
INSERT INTO data_object (OBJECT_NAME,OBJECT_ID,GROUP_ID,VERSION_ID) VALUES ('EmployeeWage',32,33,3);
INSERT INTO data_object (OBJECT_NAME,OBJECT_ID,GROUP_ID,VERSION_ID) VALUES ('ProfDevActivities',33,33,3);
INSERT INTO data_object (OBJECT_NAME,OBJECT_ID,GROUP_ID,VERSION_ID) VALUES ('LocationInfo',34,33,3);
INSERT INTO data_object (OBJECT_NAME,OBJECT_ID,GROUP_ID,VERSION_ID) VALUES ('FinAnnual',35,33,3);
INSERT INTO data_object (OBJECT_NAME,OBJECT_ID,GROUP_ID,VERSION_ID) VALUES ('FinBudget',36,33,3);
INSERT INTO data_object (OBJECT_NAME,OBJECT_ID,GROUP_ID,VERSION_ID) VALUES ('Payment',37,33,3);
INSERT INTO data_object (OBJECT_NAME,OBJECT_ID,GROUP_ID,VERSION_ID) VALUES ('Purchasing',38,33,3);
INSERT INTO data_object (OBJECT_NAME,OBJECT_ID,GROUP_ID,VERSION_ID) VALUES ('StaffAssignment',39,33,3);
INSERT INTO data_object (OBJECT_NAME,OBJECT_ID,GROUP_ID,VERSION_ID) VALUES ('TimeWorked',40,33,3);
INSERT INTO data_object (OBJECT_NAME,OBJECT_ID,GROUP_ID,VERSION_ID) VALUES ('VendorInfo',41,33,3);
INSERT INTO data_object (OBJECT_NAME,OBJECT_ID,GROUP_ID,VERSION_ID) VALUES ('W4',42,33,3);
INSERT INTO data_object (OBJECT_NAME,OBJECT_ID,GROUP_ID,VERSION_ID) VALUES ('Authentication',43,34,3);
INSERT INTO data_object (OBJECT_NAME,OBJECT_ID,GROUP_ID,VERSION_ID) VALUES ('SIF_LogEntry',44,34,3);
INSERT INTO data_object (OBJECT_NAME,OBJECT_ID,GROUP_ID,VERSION_ID) VALUES ('Activity',45,35,3);
INSERT INTO data_object (OBJECT_NAME,OBJECT_ID,GROUP_ID,VERSION_ID) VALUES ('Assignment',46,35,3);
INSERT INTO data_object (OBJECT_NAME,OBJECT_ID,GROUP_ID,VERSION_ID) VALUES ('Assessment',47,35,3);
INSERT INTO data_object (OBJECT_NAME,OBJECT_ID,GROUP_ID,VERSION_ID) VALUES ('AssessmentSection',48,35,3);
INSERT INTO data_object (OBJECT_NAME,OBJECT_ID,GROUP_ID,VERSION_ID) VALUES ('AssessmentItem',49,35,3);
INSERT INTO data_object (OBJECT_NAME,OBJECT_ID,GROUP_ID,VERSION_ID) VALUES ('AssessmentSubTest',50,35,3);
INSERT INTO data_object (OBJECT_NAME,OBJECT_ID,GROUP_ID,VERSION_ID) VALUES ('CurriculumStructure',51,35,3);
INSERT INTO data_object (OBJECT_NAME,OBJECT_ID,GROUP_ID,VERSION_ID) VALUES ('LearningResource',52,35,3);
INSERT INTO data_object (OBJECT_NAME,OBJECT_ID,GROUP_ID,VERSION_ID) VALUES ('LearningStandardDocument',53,35,3);
INSERT INTO data_object (OBJECT_NAME,OBJECT_ID,GROUP_ID,VERSION_ID) VALUES ('LearningStandardItem',54,35,3);
INSERT INTO data_object (OBJECT_NAME,OBJECT_ID,GROUP_ID,VERSION_ID) VALUES ('Lesson',55,35,3);
INSERT INTO data_object (OBJECT_NAME,OBJECT_ID,GROUP_ID,VERSION_ID) VALUES ('StudentResultSet',56,35,3);
INSERT INTO data_object (OBJECT_NAME,OBJECT_ID,GROUP_ID,VERSION_ID) VALUES ('StudentParticipation',57,35,3);
INSERT INTO data_object (OBJECT_NAME,OBJECT_ID,GROUP_ID,VERSION_ID) VALUES ('StudentPlacement',58,35,3);
INSERT INTO data_object (OBJECT_NAME,OBJECT_ID,GROUP_ID,VERSION_ID) VALUES ('LibraryPatronStatus',59,36,3);
INSERT INTO data_object (OBJECT_NAME,OBJECT_ID,GROUP_ID,VERSION_ID) VALUES ('AttendanceCodeInfo',60,37,3);
INSERT INTO data_object (OBJECT_NAME,OBJECT_ID,GROUP_ID,VERSION_ID) VALUES ('LEAInfo',61,37,3);
INSERT INTO data_object (OBJECT_NAME,OBJECT_ID,GROUP_ID,VERSION_ID) VALUES ('RoomInfo',62,37,3);
INSERT INTO data_object (OBJECT_NAME,OBJECT_ID,GROUP_ID,VERSION_ID) VALUES ('RoomType',63,37,3);
INSERT INTO data_object (OBJECT_NAME,OBJECT_ID,GROUP_ID,VERSION_ID) VALUES ('SchoolCourseInfo',64,37,3);
INSERT INTO data_object (OBJECT_NAME,OBJECT_ID,GROUP_ID,VERSION_ID) VALUES ('SchoolInfo',65,37,3);
INSERT INTO data_object (OBJECT_NAME,OBJECT_ID,GROUP_ID,VERSION_ID) VALUES ('SectionInfo',66,37,3);
INSERT INTO data_object (OBJECT_NAME,OBJECT_ID,GROUP_ID,VERSION_ID) VALUES ('StaffPersonal',67,37,3);
INSERT INTO data_object (OBJECT_NAME,OBJECT_ID,GROUP_ID,VERSION_ID) VALUES ('StudentContact',68,37,3);
INSERT INTO data_object (OBJECT_NAME,OBJECT_ID,GROUP_ID,VERSION_ID) VALUES ('StudentDailyAttendance',69,37,3);
INSERT INTO data_object (OBJECT_NAME,OBJECT_ID,GROUP_ID,VERSION_ID) VALUES ('StudentPersonal',70,37,3);
INSERT INTO data_object (OBJECT_NAME,OBJECT_ID,GROUP_ID,VERSION_ID) VALUES ('StudentPicture',71,37,3);
INSERT INTO data_object (OBJECT_NAME,OBJECT_ID,GROUP_ID,VERSION_ID) VALUES ('StudentSchoolEnrollment',72,37,3);
INSERT INTO data_object (OBJECT_NAME,OBJECT_ID,GROUP_ID,VERSION_ID) VALUES ('StudentSectionEnrollment',73,37,3);
INSERT INTO data_object (OBJECT_NAME,OBJECT_ID,GROUP_ID,VERSION_ID) VALUES ('StudentSnapshot',74,37,3);
INSERT INTO data_object (OBJECT_NAME,OBJECT_ID,GROUP_ID,VERSION_ID) VALUES ('TermInfo',75,37,3);
INSERT INTO data_object (OBJECT_NAME,OBJECT_ID,GROUP_ID,VERSION_ID) VALUES ('BusEquipment',76,38,3);
INSERT INTO data_object (OBJECT_NAME,OBJECT_ID,GROUP_ID,VERSION_ID) VALUES ('BusInfo',77,38,3);
INSERT INTO data_object (OBJECT_NAME,OBJECT_ID,GROUP_ID,VERSION_ID) VALUES ('BusPositionInfo',78,38,3);
INSERT INTO data_object (OBJECT_NAME,OBJECT_ID,GROUP_ID,VERSION_ID) VALUES ('BusRouteDetail',79,38,3);
INSERT INTO data_object (OBJECT_NAME,OBJECT_ID,GROUP_ID,VERSION_ID) VALUES ('BusRouteInfo',80,38,3);
INSERT INTO data_object (OBJECT_NAME,OBJECT_ID,GROUP_ID,VERSION_ID) VALUES ('BusStopInfo',81,38,3);
INSERT INTO data_object (OBJECT_NAME,OBJECT_ID,GROUP_ID,VERSION_ID) VALUES ('StudentTransportInfo',82,38,3);
INSERT INTO data_object (OBJECT_NAME,OBJECT_ID,GROUP_ID,VERSION_ID) VALUES ('ReportAuthorityInfo',83,39,3);
INSERT INTO data_object (OBJECT_NAME,OBJECT_ID,GROUP_ID,VERSION_ID) VALUES ('ReportManifest',84,39,3);
INSERT INTO data_object (OBJECT_NAME,OBJECT_ID,GROUP_ID,VERSION_ID) VALUES ('SIF_ReportObject',85,39,3);
INSERT INTO data_object (OBJECT_NAME,OBJECT_ID,GROUP_ID,VERSION_ID) VALUES ('StudentLocator',86,39,3);
INSERT INTO data_object (OBJECT_NAME,OBJECT_ID,GROUP_ID,VERSION_ID) VALUES ('SIF_Metadata',87,2101,210);
INSERT INTO data_object (OBJECT_NAME,OBJECT_ID,GROUP_ID,VERSION_ID) VALUES ('TimeElement',88,2101,210);
INSERT INTO data_object (OBJECT_NAME,OBJECT_ID,GROUP_ID,VERSION_ID) VALUES ('LifeCycle',89,2101,210);
INSERT INTO data_object (OBJECT_NAME,OBJECT_ID,GROUP_ID,VERSION_ID) VALUES ('RightsElement',90,2101,210);
INSERT INTO data_object (OBJECT_NAME,OBJECT_ID,GROUP_ID,VERSION_ID) VALUES ('SIF_LogEntry',91,2102,210);
INSERT INTO data_object (OBJECT_NAME,OBJECT_ID,GROUP_ID,VERSION_ID) VALUES ('ContactPersonal',92,2103,210);
INSERT INTO data_object (OBJECT_NAME,OBJECT_ID,GROUP_ID,VERSION_ID) VALUES ('LAInfo',93,2103,210);
INSERT INTO data_object (OBJECT_NAME,OBJECT_ID,GROUP_ID,VERSION_ID) VALUES ('LearnerAttendanceSummary',94,2103,210);
INSERT INTO data_object (OBJECT_NAME,OBJECT_ID,GROUP_ID,VERSION_ID) VALUES ('LearnerContact',95,2103,210);
INSERT INTO data_object (OBJECT_NAME,OBJECT_ID,GROUP_ID,VERSION_ID) VALUES ('LearnerExclusion',96,2103,210);
INSERT INTO data_object (OBJECT_NAME,OBJECT_ID,GROUP_ID,VERSION_ID) VALUES ('LearnerGroupEnrolment',97,2103,210);
INSERT INTO data_object (OBJECT_NAME,OBJECT_ID,GROUP_ID,VERSION_ID) VALUES ('LearnerPersonal',98,2103,210);
INSERT INTO data_object (OBJECT_NAME,OBJECT_ID,GROUP_ID,VERSION_ID) VALUES ('LearnerSchoolEnrolment',99,2103,210);
INSERT INTO data_object (OBJECT_NAME,OBJECT_ID,GROUP_ID,VERSION_ID) VALUES ('LearnerSpecialNeeds',100,2103,210);
INSERT INTO data_object (OBJECT_NAME,OBJECT_ID,GROUP_ID,VERSION_ID) VALUES ('PersonPicture',101,2103,210);
INSERT INTO data_object (OBJECT_NAME,OBJECT_ID,GROUP_ID,VERSION_ID) VALUES ('SchoolGroup',102,2103,210);
INSERT INTO data_object (OBJECT_NAME,OBJECT_ID,GROUP_ID,VERSION_ID) VALUES ('SchoolGroupType',103,2103,210);
INSERT INTO data_object (OBJECT_NAME,OBJECT_ID,GROUP_ID,VERSION_ID) VALUES ('SchoolInfo',104,2103,210);
INSERT INTO data_object (OBJECT_NAME,OBJECT_ID,GROUP_ID,VERSION_ID) VALUES ('TermInfo',105,2103,210);
INSERT INTO data_object (OBJECT_NAME,OBJECT_ID,GROUP_ID,VERSION_ID) VALUES ('WorkforcePersonal',106,2103,210);
INSERT INTO data_object (OBJECT_NAME,OBJECT_ID,GROUP_ID,VERSION_ID) VALUES ('SIF_Metadata',107,2110,211);
INSERT INTO data_object (OBJECT_NAME,OBJECT_ID,GROUP_ID,VERSION_ID) VALUES ('TimeElement',108,2110,211);
INSERT INTO data_object (OBJECT_NAME,OBJECT_ID,GROUP_ID,VERSION_ID) VALUES ('LifeCycle',109,2110,211);
INSERT INTO data_object (OBJECT_NAME,OBJECT_ID,GROUP_ID,VERSION_ID) VALUES ('RightsElement',110,2110,211);
INSERT INTO data_object (OBJECT_NAME,OBJECT_ID,GROUP_ID,VERSION_ID) VALUES ('SIF_LogEntry',111,2111,211);
INSERT INTO data_object (OBJECT_NAME,OBJECT_ID,GROUP_ID,VERSION_ID) VALUES ('AssessmentLearnerSet',112,2112,211);
INSERT INTO data_object (OBJECT_NAME,OBJECT_ID,GROUP_ID,VERSION_ID) VALUES ('AssessmentResponseComponent',113,2112,211);
INSERT INTO data_object (OBJECT_NAME,OBJECT_ID,GROUP_ID,VERSION_ID) VALUES ('AssessmentResponseComponentGroup',114,2112,211);
INSERT INTO data_object (OBJECT_NAME,OBJECT_ID,GROUP_ID,VERSION_ID) VALUES ('AssessmentResultComponent',115,2112,211);
INSERT INTO data_object (OBJECT_NAME,OBJECT_ID,GROUP_ID,VERSION_ID) VALUES ('AssessmentResultComponentGroup',116,2112,211);
INSERT INTO data_object (OBJECT_NAME,OBJECT_ID,GROUP_ID,VERSION_ID) VALUES ('AssessmentResultGradeSet',117,2112,211);
INSERT INTO data_object (OBJECT_NAME,OBJECT_ID,GROUP_ID,VERSION_ID) VALUES ('AssessmentSession',118,2112,211);
INSERT INTO data_object (OBJECT_NAME,OBJECT_ID,GROUP_ID,VERSION_ID) VALUES ('ContactPersonal',119,2112,211);
INSERT INTO data_object (OBJECT_NAME,OBJECT_ID,GROUP_ID,VERSION_ID) VALUES ('Identity',120,2112,211);
INSERT INTO data_object (OBJECT_NAME,OBJECT_ID,GROUP_ID,VERSION_ID) VALUES ('LAInfo',121,2112,211);
INSERT INTO data_object (OBJECT_NAME,OBJECT_ID,GROUP_ID,VERSION_ID) VALUES ('LearnerAssessmentResponseSet',122,2112,211);
INSERT INTO data_object (OBJECT_NAME,OBJECT_ID,GROUP_ID,VERSION_ID) VALUES ('LearnerAssessmentResult',123,2112,211);
INSERT INTO data_object (OBJECT_NAME,OBJECT_ID,GROUP_ID,VERSION_ID) VALUES ('LearnerAttendance',124,2112,211);
INSERT INTO data_object (OBJECT_NAME,OBJECT_ID,GROUP_ID,VERSION_ID) VALUES ('LearnerAttendanceSummary',125,2112,211);
INSERT INTO data_object (OBJECT_NAME,OBJECT_ID,GROUP_ID,VERSION_ID) VALUES ('LearnerContact',126,2112,211);
INSERT INTO data_object (OBJECT_NAME,OBJECT_ID,GROUP_ID,VERSION_ID) VALUES ('LearnerExclusion',127,2112,211);
INSERT INTO data_object (OBJECT_NAME,OBJECT_ID,GROUP_ID,VERSION_ID) VALUES ('LearnerGroupEnrolment',128,2112,211);
INSERT INTO data_object (OBJECT_NAME,OBJECT_ID,GROUP_ID,VERSION_ID) VALUES ('LearnerPersonal',129,2112,211);
INSERT INTO data_object (OBJECT_NAME,OBJECT_ID,GROUP_ID,VERSION_ID) VALUES ('LearnerSchoolEnrolment',130,2112,211);
INSERT INTO data_object (OBJECT_NAME,OBJECT_ID,GROUP_ID,VERSION_ID) VALUES ('LearnerSpecialNeeds',131,2112,211);
INSERT INTO data_object (OBJECT_NAME,OBJECT_ID,GROUP_ID,VERSION_ID) VALUES ('PersonPicture',132,2112,211);
INSERT INTO data_object (OBJECT_NAME,OBJECT_ID,GROUP_ID,VERSION_ID) VALUES ('SchoolGroup',133,2112,211);
INSERT INTO data_object (OBJECT_NAME,OBJECT_ID,GROUP_ID,VERSION_ID) VALUES ('SchoolGroupType',134,2112,211);
INSERT INTO data_object (OBJECT_NAME,OBJECT_ID,GROUP_ID,VERSION_ID) VALUES ('SchoolInfo',135,2112,211);
INSERT INTO data_object (OBJECT_NAME,OBJECT_ID,GROUP_ID,VERSION_ID) VALUES ('TermInfo',136,2112,211);
INSERT INTO data_object (OBJECT_NAME,OBJECT_ID,GROUP_ID,VERSION_ID) VALUES ('WorkforcePersonal',137,2112,211);
INSERT INTO data_object (OBJECT_NAME,OBJECT_ID,GROUP_ID,VERSION_ID) VALUES ('AssessmentLearnerSet',138,2120,212);
INSERT INTO data_object (OBJECT_NAME,OBJECT_ID,GROUP_ID,VERSION_ID) VALUES ('AssessmentResponseComponent',139,2120,212);
INSERT INTO data_object (OBJECT_NAME,OBJECT_ID,GROUP_ID,VERSION_ID) VALUES ('AssessmentResponseComponentGroup',140,2120,212);
INSERT INTO data_object (OBJECT_NAME,OBJECT_ID,GROUP_ID,VERSION_ID) VALUES ('AssessmentResultComponent',141,2120,212);
INSERT INTO data_object (OBJECT_NAME,OBJECT_ID,GROUP_ID,VERSION_ID) VALUES ('AssessmentResultComponentGroup',142,2120,212);
INSERT INTO data_object (OBJECT_NAME,OBJECT_ID,GROUP_ID,VERSION_ID) VALUES ('AssessmentResultGradeSet',143,2120,212);
INSERT INTO data_object (OBJECT_NAME,OBJECT_ID,GROUP_ID,VERSION_ID) VALUES ('AssessmentSession',144,2120,212);
INSERT INTO data_object (OBJECT_NAME,OBJECT_ID,GROUP_ID,VERSION_ID) VALUES ('ContactPersonal',145,2120,212);
INSERT INTO data_object (OBJECT_NAME,OBJECT_ID,GROUP_ID,VERSION_ID) VALUES ('Cycle',146,2120,212);
INSERT INTO data_object (OBJECT_NAME,OBJECT_ID,GROUP_ID,VERSION_ID) VALUES ('Identity',147,2120,212);
INSERT INTO data_object (OBJECT_NAME,OBJECT_ID,GROUP_ID,VERSION_ID) VALUES ('Junction',148,2120,212);
INSERT INTO data_object (OBJECT_NAME,OBJECT_ID,GROUP_ID,VERSION_ID) VALUES ('LAInfo',149,2120,212);
INSERT INTO data_object (OBJECT_NAME,OBJECT_ID,GROUP_ID,VERSION_ID) VALUES ('LearnerAssessmentResponseSet',150,2120,212);
INSERT INTO data_object (OBJECT_NAME,OBJECT_ID,GROUP_ID,VERSION_ID) VALUES ('LearnerAssessmentResult',151,2120,212);
INSERT INTO data_object (OBJECT_NAME,OBJECT_ID,GROUP_ID,VERSION_ID) VALUES ('LearnerAttendance',152,2120,212);
INSERT INTO data_object (OBJECT_NAME,OBJECT_ID,GROUP_ID,VERSION_ID) VALUES ('LearnerAttendanceSummary',153,2120,212);
INSERT INTO data_object (OBJECT_NAME,OBJECT_ID,GROUP_ID,VERSION_ID) VALUES ('LearnerBehaviourIncident',154,2120,212);
INSERT INTO data_object (OBJECT_NAME,OBJECT_ID,GROUP_ID,VERSION_ID) VALUES ('LearnerContact',155,2120,212);
INSERT INTO data_object (OBJECT_NAME,OBJECT_ID,GROUP_ID,VERSION_ID) VALUES ('LearnerEntitlement',156,2120,212);
INSERT INTO data_object (OBJECT_NAME,OBJECT_ID,GROUP_ID,VERSION_ID) VALUES ('LearnerExclusion',157,2120,212);
INSERT INTO data_object (OBJECT_NAME,OBJECT_ID,GROUP_ID,VERSION_ID) VALUES ('LearnerGroupEnrolment',158,2120,212);
INSERT INTO data_object (OBJECT_NAME,OBJECT_ID,GROUP_ID,VERSION_ID) VALUES ('LearnerPersonal',159,2120,212);
INSERT INTO data_object (OBJECT_NAME,OBJECT_ID,GROUP_ID,VERSION_ID) VALUES ('LearnerSchoolEnrolment',160,2120,212);
INSERT INTO data_object (OBJECT_NAME,OBJECT_ID,GROUP_ID,VERSION_ID) VALUES ('LearnerSpecialNeeds',161,2120,212);
INSERT INTO data_object (OBJECT_NAME,OBJECT_ID,GROUP_ID,VERSION_ID) VALUES ('Lesson',162,2120,212);
INSERT INTO data_object (OBJECT_NAME,OBJECT_ID,GROUP_ID,VERSION_ID) VALUES ('NonTeachingActivity',163,2120,212);
INSERT INTO data_object (OBJECT_NAME,OBJECT_ID,GROUP_ID,VERSION_ID) VALUES ('PersonDietaryPreference',164,2120,212);
INSERT INTO data_object (OBJECT_NAME,OBJECT_ID,GROUP_ID,VERSION_ID) VALUES ('PersonPicture',165,2120,212);
INSERT INTO data_object (OBJECT_NAME,OBJECT_ID,GROUP_ID,VERSION_ID) VALUES ('SchoolGroup',166,2120,212);
INSERT INTO data_object (OBJECT_NAME,OBJECT_ID,GROUP_ID,VERSION_ID) VALUES ('SchoolGroupType',167,2120,212);
INSERT INTO data_object (OBJECT_NAME,OBJECT_ID,GROUP_ID,VERSION_ID) VALUES ('SchoolInfo',168,2120,212);
INSERT INTO data_object (OBJECT_NAME,OBJECT_ID,GROUP_ID,VERSION_ID) VALUES ('SchoolMealStatus',169,2120,212);
INSERT INTO data_object (OBJECT_NAME,OBJECT_ID,GROUP_ID,VERSION_ID) VALUES ('Scope',170,2120,212);
INSERT INTO data_object (OBJECT_NAME,OBJECT_ID,GROUP_ID,VERSION_ID) VALUES ('TeachingGroup',171,2120,212);
INSERT INTO data_object (OBJECT_NAME,OBJECT_ID,GROUP_ID,VERSION_ID) VALUES ('TermInfo',172,2120,212);
INSERT INTO data_object (OBJECT_NAME,OBJECT_ID,GROUP_ID,VERSION_ID) VALUES ('TTRoom',173,2120,212);
INSERT INTO data_object (OBJECT_NAME,OBJECT_ID,GROUP_ID,VERSION_ID) VALUES ('TTSite',174,2120,212);
INSERT INTO data_object (OBJECT_NAME,OBJECT_ID,GROUP_ID,VERSION_ID) VALUES ('TTSubject',175,2120,212);
INSERT INTO data_object (OBJECT_NAME,OBJECT_ID,GROUP_ID,VERSION_ID) VALUES ('TTTeacher',176,2120,212);
INSERT INTO data_object (OBJECT_NAME,OBJECT_ID,GROUP_ID,VERSION_ID) VALUES ('WorkforcePersonal',177,2120,212);
INSERT INTO data_object (OBJECT_NAME,OBJECT_ID,GROUP_ID,VERSION_ID) VALUES ('Assessment',178,61,6);
INSERT INTO data_object (OBJECT_NAME,OBJECT_ID,GROUP_ID,VERSION_ID) VALUES ('AssessmentAdministration',179,61,6);
INSERT INTO data_object (OBJECT_NAME,OBJECT_ID,GROUP_ID,VERSION_ID) VALUES ('AssessmentForm',180,61,6);
INSERT INTO data_object (OBJECT_NAME,OBJECT_ID,GROUP_ID,VERSION_ID) VALUES ('AssessmentPackage',181,61,6);
INSERT INTO data_object (OBJECT_NAME,OBJECT_ID,GROUP_ID,VERSION_ID) VALUES ('AssessmentRegistration',182,61,6);
INSERT INTO data_object (OBJECT_NAME,OBJECT_ID,GROUP_ID,VERSION_ID) VALUES ('AssessmentSubTest',183,61,6);
INSERT INTO data_object (OBJECT_NAME,OBJECT_ID,GROUP_ID,VERSION_ID) VALUES ('StudentResponseSet',184,61,6);
INSERT INTO data_object (OBJECT_NAME,OBJECT_ID,GROUP_ID,VERSION_ID) VALUES ('StudentScoreSet',185,61,6);
INSERT INTO data_object (OBJECT_NAME,OBJECT_ID,GROUP_ID,VERSION_ID) VALUES ('SIF_Metadata',186,62,6);
INSERT INTO data_object (OBJECT_NAME,OBJECT_ID,GROUP_ID,VERSION_ID) VALUES ('TimeElement',187,62,6);
INSERT INTO data_object (OBJECT_NAME,OBJECT_ID,GROUP_ID,VERSION_ID) VALUES ('LifeCycle',188,62,6);
INSERT INTO data_object (OBJECT_NAME,OBJECT_ID,GROUP_ID,VERSION_ID) VALUES ('RightsElement',189,62,6);
INSERT INTO data_object (OBJECT_NAME,OBJECT_ID,GROUP_ID,VERSION_ID) VALUES ('EducationFilter',190,62,6);
INSERT INTO data_object (OBJECT_NAME,OBJECT_ID,GROUP_ID,VERSION_ID) VALUES ('AggregateStatisticInfo',191,63,6);
INSERT INTO data_object (OBJECT_NAME,OBJECT_ID,GROUP_ID,VERSION_ID) VALUES ('AggregateCharacteristicInfo',192,63,6);
INSERT INTO data_object (OBJECT_NAME,OBJECT_ID,GROUP_ID,VERSION_ID) VALUES ('AggregateStatisticFact',193,63,6);
INSERT INTO data_object (OBJECT_NAME,OBJECT_ID,GROUP_ID,VERSION_ID) VALUES ('FoodserviceItem',194,66,6);
INSERT INTO data_object (OBJECT_NAME,OBJECT_ID,GROUP_ID,VERSION_ID) VALUES ('FoodserviceItemPortion',195,66,6);
INSERT INTO data_object (OBJECT_NAME,OBJECT_ID,GROUP_ID,VERSION_ID) VALUES ('FoodserviceItemSales',196,66,6);
INSERT INTO data_object (OBJECT_NAME,OBJECT_ID,GROUP_ID,VERSION_ID) VALUES ('FoodserviceItemUnit',197,66,6);
INSERT INTO data_object (OBJECT_NAME,OBJECT_ID,GROUP_ID,VERSION_ID) VALUES ('FoodserviceMealPrices',198,66,6);
INSERT INTO data_object (OBJECT_NAME,OBJECT_ID,GROUP_ID,VERSION_ID) VALUES ('FoodserviceMenuPlan',199,66,6);
INSERT INTO data_object (OBJECT_NAME,OBJECT_ID,GROUP_ID,VERSION_ID) VALUES ('FoodserviceMilkSales',200,66,6);
INSERT INTO data_object (OBJECT_NAME,OBJECT_ID,GROUP_ID,VERSION_ID) VALUES ('FoodservicePurchaseTransaction',201,66,6);
INSERT INTO data_object (OBJECT_NAME,OBJECT_ID,GROUP_ID,VERSION_ID) VALUES ('FoodserviceReimbursementRates',202,66,6);
INSERT INTO data_object (OBJECT_NAME,OBJECT_ID,GROUP_ID,VERSION_ID) VALUES ('FoodserviceSales',203,66,6);
INSERT INTO data_object (OBJECT_NAME,OBJECT_ID,GROUP_ID,VERSION_ID) VALUES ('FoodserviceStaffEnrollmentCount',204,66,6);
INSERT INTO data_object (OBJECT_NAME,OBJECT_ID,GROUP_ID,VERSION_ID) VALUES ('FoodserviceStaffMealCounts',205,66,6);
INSERT INTO data_object (OBJECT_NAME,OBJECT_ID,GROUP_ID,VERSION_ID) VALUES ('FoodserviceStudentEnrollmentCount',206,66,6);
INSERT INTO data_object (OBJECT_NAME,OBJECT_ID,GROUP_ID,VERSION_ID) VALUES ('FoodserviceStudentMealCounts',207,66,6);
INSERT INTO data_object (OBJECT_NAME,OBJECT_ID,GROUP_ID,VERSION_ID) VALUES ('FoodserviceTransaction',208,66,6);
INSERT INTO data_object (OBJECT_NAME,OBJECT_ID,GROUP_ID,VERSION_ID) VALUES ('FoodserviceTransactionDetails',209,66,6);
INSERT INTO data_object (OBJECT_NAME,OBJECT_ID,GROUP_ID,VERSION_ID) VALUES ('FoodserviceTransactionPayMethod',210,66,6);
INSERT INTO data_object (OBJECT_NAME,OBJECT_ID,GROUP_ID,VERSION_ID) VALUES ('StaffMeal',211,66,6);
INSERT INTO data_object (OBJECT_NAME,OBJECT_ID,GROUP_ID,VERSION_ID) VALUES ('StudentMeal',212,66,6);
INSERT INTO data_object (OBJECT_NAME,OBJECT_ID,GROUP_ID,VERSION_ID) VALUES ('GradingAssignment',213,65,6);
INSERT INTO data_object (OBJECT_NAME,OBJECT_ID,GROUP_ID,VERSION_ID) VALUES ('GradingAssignmentScore',214,65,6);
INSERT INTO data_object (OBJECT_NAME,OBJECT_ID,GROUP_ID,VERSION_ID) VALUES ('GradingCategory',215,65,6);
INSERT INTO data_object (OBJECT_NAME,OBJECT_ID,GROUP_ID,VERSION_ID) VALUES ('MarkInfo',216,65,6);
INSERT INTO data_object (OBJECT_NAME,OBJECT_ID,GROUP_ID,VERSION_ID) VALUES ('MarkValueInfo',217,65,6);
INSERT INTO data_object (OBJECT_NAME,OBJECT_ID,GROUP_ID,VERSION_ID) VALUES ('OfficialStudentPeriodAttendance',218,65,6);
INSERT INTO data_object (OBJECT_NAME,OBJECT_ID,GROUP_ID,VERSION_ID) VALUES ('SectionMarkInfo',219,65,6);
INSERT INTO data_object (OBJECT_NAME,OBJECT_ID,GROUP_ID,VERSION_ID) VALUES ('StudentPeriodAttendance',220,65,6);
INSERT INTO data_object (OBJECT_NAME,OBJECT_ID,GROUP_ID,VERSION_ID) VALUES ('StudentSectionMarks',221,65,6);
INSERT INTO data_object (OBJECT_NAME,OBJECT_ID,GROUP_ID,VERSION_ID) VALUES ('AccountingPeriod',222,66,6);
INSERT INTO data_object (OBJECT_NAME,OBJECT_ID,GROUP_ID,VERSION_ID) VALUES ('Billing',223,66,6);
INSERT INTO data_object (OBJECT_NAME,OBJECT_ID,GROUP_ID,VERSION_ID) VALUES ('EmployeeAssignment',224,66,6);
INSERT INTO data_object (OBJECT_NAME,OBJECT_ID,GROUP_ID,VERSION_ID) VALUES ('EmployeeContract',225,66,6);
INSERT INTO data_object (OBJECT_NAME,OBJECT_ID,GROUP_ID,VERSION_ID) VALUES ('EmployeePersonal',226,66,6);
INSERT INTO data_object (OBJECT_NAME,OBJECT_ID,GROUP_ID,VERSION_ID) VALUES ('EmployeePicture',227,66,6);
INSERT INTO data_object (OBJECT_NAME,OBJECT_ID,GROUP_ID,VERSION_ID) VALUES ('EmployeeWage',228,66,6);
INSERT INTO data_object (OBJECT_NAME,OBJECT_ID,GROUP_ID,VERSION_ID) VALUES ('EmploymentRecord',229,66,6);
INSERT INTO data_object (OBJECT_NAME,OBJECT_ID,GROUP_ID,VERSION_ID) VALUES ('FinancialAccount',230,66,6);
INSERT INTO data_object (OBJECT_NAME,OBJECT_ID,GROUP_ID,VERSION_ID) VALUES ('FinancialAccountAccountingPeriodLocationInfo',231,66,6);
INSERT INTO data_object (OBJECT_NAME,OBJECT_ID,GROUP_ID,VERSION_ID) VALUES ('FinancialAnnual',232,66,6);
INSERT INTO data_object (OBJECT_NAME,OBJECT_ID,GROUP_ID,VERSION_ID) VALUES ('FinancialBudget',233,66,6);
INSERT INTO data_object (OBJECT_NAME,OBJECT_ID,GROUP_ID,VERSION_ID) VALUES ('FinancialClass',234,66,6);
INSERT INTO data_object (OBJECT_NAME,OBJECT_ID,GROUP_ID,VERSION_ID) VALUES ('FinancialIncomeStatement',235,66,6);
INSERT INTO data_object (OBJECT_NAME,OBJECT_ID,GROUP_ID,VERSION_ID) VALUES ('FinancialTransaction',236,66,6);
INSERT INTO data_object (OBJECT_NAME,OBJECT_ID,GROUP_ID,VERSION_ID) VALUES ('FiscalYear',237,66,6);
INSERT INTO data_object (OBJECT_NAME,OBJECT_ID,GROUP_ID,VERSION_ID) VALUES ('LocationInfo',238,66,6);
INSERT INTO data_object (OBJECT_NAME,OBJECT_ID,GROUP_ID,VERSION_ID) VALUES ('Payment',239,66,6);
INSERT INTO data_object (OBJECT_NAME,OBJECT_ID,GROUP_ID,VERSION_ID) VALUES ('Purchasing',240,66,6);
INSERT INTO data_object (OBJECT_NAME,OBJECT_ID,GROUP_ID,VERSION_ID) VALUES ('TimeWorked',241,66,6);
INSERT INTO data_object (OBJECT_NAME,OBJECT_ID,GROUP_ID,VERSION_ID) VALUES ('VendorInfo',242,66,6);
INSERT INTO data_object (OBJECT_NAME,OBJECT_ID,GROUP_ID,VERSION_ID) VALUES ('W6',243,66,6);
INSERT INTO data_object (OBJECT_NAME,OBJECT_ID,GROUP_ID,VERSION_ID) VALUES ('Authentication',244,67,6);
INSERT INTO data_object (OBJECT_NAME,OBJECT_ID,GROUP_ID,VERSION_ID) VALUES ('SIF_LogEntry',245,67,6);
INSERT INTO data_object (OBJECT_NAME,OBJECT_ID,GROUP_ID,VERSION_ID) VALUES ('Activity',246,68,6);
INSERT INTO data_object (OBJECT_NAME,OBJECT_ID,GROUP_ID,VERSION_ID) VALUES ('Assignment',247,68,6);
INSERT INTO data_object (OBJECT_NAME,OBJECT_ID,GROUP_ID,VERSION_ID) VALUES ('CurriculumStructure',248,68,6);
INSERT INTO data_object (OBJECT_NAME,OBJECT_ID,GROUP_ID,VERSION_ID) VALUES ('LearningResource',249,68,6);
INSERT INTO data_object (OBJECT_NAME,OBJECT_ID,GROUP_ID,VERSION_ID) VALUES ('LearningResourcePackage',250,68,6);
INSERT INTO data_object (OBJECT_NAME,OBJECT_ID,GROUP_ID,VERSION_ID) VALUES ('LearningStandardDocument',251,68,6);
INSERT INTO data_object (OBJECT_NAME,OBJECT_ID,GROUP_ID,VERSION_ID) VALUES ('LearningStandardItem',252,68,6);
INSERT INTO data_object (OBJECT_NAME,OBJECT_ID,GROUP_ID,VERSION_ID) VALUES ('Lesson',253,68,6);
INSERT INTO data_object (OBJECT_NAME,OBJECT_ID,GROUP_ID,VERSION_ID) VALUES ('LibraryPatronStatus',254,69,6);
INSERT INTO data_object (OBJECT_NAME,OBJECT_ID,GROUP_ID,VERSION_ID) VALUES ('ActivityProvider',255,611,6);
INSERT INTO data_object (OBJECT_NAME,OBJECT_ID,GROUP_ID,VERSION_ID) VALUES ('EmployeeCredential',256,611,6);
INSERT INTO data_object (OBJECT_NAME,OBJECT_ID,GROUP_ID,VERSION_ID) VALUES ('EmployeeCredit',257,611,6);
INSERT INTO data_object (OBJECT_NAME,OBJECT_ID,GROUP_ID,VERSION_ID) VALUES ('EmployeeRecertification',258,611,6);
INSERT INTO data_object (OBJECT_NAME,OBJECT_ID,GROUP_ID,VERSION_ID) VALUES ('ProfessionalDevelopmentActivities',259,611,6);
INSERT INTO data_object (OBJECT_NAME,OBJECT_ID,GROUP_ID,VERSION_ID) VALUES ('ProfessionalDevelopmentProgram',260,611,6);
INSERT INTO data_object (OBJECT_NAME,OBJECT_ID,GROUP_ID,VERSION_ID) VALUES ('StudentParticipation',261,612,6);
INSERT INTO data_object (OBJECT_NAME,OBJECT_ID,GROUP_ID,VERSION_ID) VALUES ('StudentPlacement',262,612,6);
INSERT INTO data_object (OBJECT_NAME,OBJECT_ID,GROUP_ID,VERSION_ID) VALUES ('TestAccommodation',263,612,6);
INSERT INTO data_object (OBJECT_NAME,OBJECT_ID,GROUP_ID,VERSION_ID) VALUES ('AttendanceCodeInfo',264,613,6);
INSERT INTO data_object (OBJECT_NAME,OBJECT_ID,GROUP_ID,VERSION_ID) VALUES ('CalendarDate',265,613,6);
INSERT INTO data_object (OBJECT_NAME,OBJECT_ID,GROUP_ID,VERSION_ID) VALUES ('CalendarSummary',266,613,6);
INSERT INTO data_object (OBJECT_NAME,OBJECT_ID,GROUP_ID,VERSION_ID) VALUES ('DisciplineIncident',267,613,6);
INSERT INTO data_object (OBJECT_NAME,OBJECT_ID,GROUP_ID,VERSION_ID) VALUES ('LEAInfo',268,613,6);
INSERT INTO data_object (OBJECT_NAME,OBJECT_ID,GROUP_ID,VERSION_ID) VALUES ('RoomInfo',269,613,6);
INSERT INTO data_object (OBJECT_NAME,OBJECT_ID,GROUP_ID,VERSION_ID) VALUES ('RoomType',270,613,6);
INSERT INTO data_object (OBJECT_NAME,OBJECT_ID,GROUP_ID,VERSION_ID) VALUES ('SchoolCourseInfo',271,613,6);
INSERT INTO data_object (OBJECT_NAME,OBJECT_ID,GROUP_ID,VERSION_ID) VALUES ('SchoolInfo',272,613,6);
INSERT INTO data_object (OBJECT_NAME,OBJECT_ID,GROUP_ID,VERSION_ID) VALUES ('SectionInfo',273,613,6);
INSERT INTO data_object (OBJECT_NAME,OBJECT_ID,GROUP_ID,VERSION_ID) VALUES ('StaffAssignment',274,613,6);
INSERT INTO data_object (OBJECT_NAME,OBJECT_ID,GROUP_ID,VERSION_ID) VALUES ('StaffPersonal',275,613,6);
INSERT INTO data_object (OBJECT_NAME,OBJECT_ID,GROUP_ID,VERSION_ID) VALUES ('StudentAttendanceSummary',276,613,6);
INSERT INTO data_object (OBJECT_NAME,OBJECT_ID,GROUP_ID,VERSION_ID) VALUES ('StudentContact',277,613,6);
INSERT INTO data_object (OBJECT_NAME,OBJECT_ID,GROUP_ID,VERSION_ID) VALUES ('StudentDailyAttendance',278,613,6);
INSERT INTO data_object (OBJECT_NAME,OBJECT_ID,GROUP_ID,VERSION_ID) VALUES ('StudentPersonal',279,613,6);
INSERT INTO data_object (OBJECT_NAME,OBJECT_ID,GROUP_ID,VERSION_ID) VALUES ('StudentPicture',280,613,6);
INSERT INTO data_object (OBJECT_NAME,OBJECT_ID,GROUP_ID,VERSION_ID) VALUES ('StudentSchoolEnrollment',281,613,6);
INSERT INTO data_object (OBJECT_NAME,OBJECT_ID,GROUP_ID,VERSION_ID) VALUES ('StudentSectionEnrollment',282,613,6);
INSERT INTO data_object (OBJECT_NAME,OBJECT_ID,GROUP_ID,VERSION_ID) VALUES ('StudentSnapshot',283,613,6);
INSERT INTO data_object (OBJECT_NAME,OBJECT_ID,GROUP_ID,VERSION_ID) VALUES ('TermInfo',284,613,6);
INSERT INTO data_object (OBJECT_NAME,OBJECT_ID,GROUP_ID,VERSION_ID) VALUES ('StudentRecordExchange',285,614,6);
INSERT INTO data_object (OBJECT_NAME,OBJECT_ID,GROUP_ID,VERSION_ID) VALUES ('StudentDemographicRecord',286,614,6);
INSERT INTO data_object (OBJECT_NAME,OBJECT_ID,GROUP_ID,VERSION_ID) VALUES ('StudentAcademicRecord',287,614,6);
INSERT INTO data_object (OBJECT_NAME,OBJECT_ID,GROUP_ID,VERSION_ID) VALUES ('StudentSpecialEducationRecord',288,614,6);
INSERT INTO data_object (OBJECT_NAME,OBJECT_ID,GROUP_ID,VERSION_ID) VALUES ('StudentRecordPackage',289,614,6);
INSERT INTO data_object (OBJECT_NAME,OBJECT_ID,GROUP_ID,VERSION_ID) VALUES ('BusEquipment',290,615,6);
INSERT INTO data_object (OBJECT_NAME,OBJECT_ID,GROUP_ID,VERSION_ID) VALUES ('BusInfo',291,615,6);
INSERT INTO data_object (OBJECT_NAME,OBJECT_ID,GROUP_ID,VERSION_ID) VALUES ('BusPositionInfo',292,615,6);
INSERT INTO data_object (OBJECT_NAME,OBJECT_ID,GROUP_ID,VERSION_ID) VALUES ('BusRouteDetail',293,615,6);
INSERT INTO data_object (OBJECT_NAME,OBJECT_ID,GROUP_ID,VERSION_ID) VALUES ('BusRouteInfo',294,615,6);
INSERT INTO data_object (OBJECT_NAME,OBJECT_ID,GROUP_ID,VERSION_ID) VALUES ('BusStopInfo',295,615,6);
INSERT INTO data_object (OBJECT_NAME,OBJECT_ID,GROUP_ID,VERSION_ID) VALUES ('StudentTransportInfo',296,615,6);
INSERT INTO data_object (OBJECT_NAME,OBJECT_ID,GROUP_ID,VERSION_ID) VALUES ('ReportAuthorityInfo',297,616,6);
INSERT INTO data_object (OBJECT_NAME,OBJECT_ID,GROUP_ID,VERSION_ID) VALUES ('ReportManifest',298,616,6);
INSERT INTO data_object (OBJECT_NAME,OBJECT_ID,GROUP_ID,VERSION_ID) VALUES ('SIF_ReportObject',299,616,6);
INSERT INTO data_object (OBJECT_NAME,OBJECT_ID,GROUP_ID,VERSION_ID) VALUES ('StudentLocator',300,616,6);
INSERT INTO data_object (OBJECT_NAME,OBJECT_ID,GROUP_ID,VERSION_ID) VALUES ('Assessment',301,1221,122);
INSERT INTO data_object (OBJECT_NAME,OBJECT_ID,GROUP_ID,VERSION_ID) VALUES ('AssessmentAdministration',302,1221,122);
INSERT INTO data_object (OBJECT_NAME,OBJECT_ID,GROUP_ID,VERSION_ID) VALUES ('AssessmentForm',303,1221,122);
INSERT INTO data_object (OBJECT_NAME,OBJECT_ID,GROUP_ID,VERSION_ID) VALUES ('AssessmentItem',304,1221,122);
INSERT INTO data_object (OBJECT_NAME,OBJECT_ID,GROUP_ID,VERSION_ID) VALUES ('AssessmentPackage',305,1221,122);
INSERT INTO data_object (OBJECT_NAME,OBJECT_ID,GROUP_ID,VERSION_ID) VALUES ('AssessmentRegistration',306,1221,122);
INSERT INTO data_object (OBJECT_NAME,OBJECT_ID,GROUP_ID,VERSION_ID) VALUES ('AssessmentSubTest',307,1221,122);
INSERT INTO data_object (OBJECT_NAME,OBJECT_ID,GROUP_ID,VERSION_ID) VALUES ('StudentResponseSet',308,1221,122);
INSERT INTO data_object (OBJECT_NAME,OBJECT_ID,GROUP_ID,VERSION_ID) VALUES ('StudentScoreSet',309,1221,122);
INSERT INTO data_object (OBJECT_NAME,OBJECT_ID,GROUP_ID,VERSION_ID) VALUES ('SIF_Metadata',310,1222,122);
INSERT INTO data_object (OBJECT_NAME,OBJECT_ID,GROUP_ID,VERSION_ID) VALUES ('TimeElement',311,1222,122);
INSERT INTO data_object (OBJECT_NAME,OBJECT_ID,GROUP_ID,VERSION_ID) VALUES ('LifeCycle',312,1222,122);
INSERT INTO data_object (OBJECT_NAME,OBJECT_ID,GROUP_ID,VERSION_ID) VALUES ('RightsElement',313,1222,122);
INSERT INTO data_object (OBJECT_NAME,OBJECT_ID,GROUP_ID,VERSION_ID) VALUES ('EducationFilter',314,1222,122);
INSERT INTO data_object (OBJECT_NAME,OBJECT_ID,GROUP_ID,VERSION_ID) VALUES ('StudentLEARelationship',315,1222,122);
INSERT INTO data_object (OBJECT_NAME,OBJECT_ID,GROUP_ID,VERSION_ID) VALUES ('AggregateStatisticInfo',316,1223,122);
INSERT INTO data_object (OBJECT_NAME,OBJECT_ID,GROUP_ID,VERSION_ID) VALUES ('AggregateCharacteristicInfo',317,1223,122);
INSERT INTO data_object (OBJECT_NAME,OBJECT_ID,GROUP_ID,VERSION_ID) VALUES ('AggregateStatisticFact',318,1223,122);
INSERT INTO data_object (OBJECT_NAME,OBJECT_ID,GROUP_ID,VERSION_ID) VALUES ('FoodserviceItem',319,1224,122);
INSERT INTO data_object (OBJECT_NAME,OBJECT_ID,GROUP_ID,VERSION_ID) VALUES ('FoodserviceItemPortion',320,1224,122);
INSERT INTO data_object (OBJECT_NAME,OBJECT_ID,GROUP_ID,VERSION_ID) VALUES ('FoodserviceItemSales',321,1224,122);
INSERT INTO data_object (OBJECT_NAME,OBJECT_ID,GROUP_ID,VERSION_ID) VALUES ('FoodserviceItemUnit',322,1224,122);
INSERT INTO data_object (OBJECT_NAME,OBJECT_ID,GROUP_ID,VERSION_ID) VALUES ('FoodserviceMealPrices',323,1224,122);
INSERT INTO data_object (OBJECT_NAME,OBJECT_ID,GROUP_ID,VERSION_ID) VALUES ('FoodserviceMenuPlan',324,1224,122);
INSERT INTO data_object (OBJECT_NAME,OBJECT_ID,GROUP_ID,VERSION_ID) VALUES ('FoodserviceMilkSales',325,1224,122);
INSERT INTO data_object (OBJECT_NAME,OBJECT_ID,GROUP_ID,VERSION_ID) VALUES ('FoodservicePurchaseTransaction',326,1224,122);
INSERT INTO data_object (OBJECT_NAME,OBJECT_ID,GROUP_ID,VERSION_ID) VALUES ('FoodserviceReimbursementRates',327,1224,122);
INSERT INTO data_object (OBJECT_NAME,OBJECT_ID,GROUP_ID,VERSION_ID) VALUES ('FoodserviceSales',328,1224,122);
INSERT INTO data_object (OBJECT_NAME,OBJECT_ID,GROUP_ID,VERSION_ID) VALUES ('FoodserviceStaffEnrollmentCount',329,1224,122);
INSERT INTO data_object (OBJECT_NAME,OBJECT_ID,GROUP_ID,VERSION_ID) VALUES ('FoodserviceStaffMealCounts',330,1224,122);
INSERT INTO data_object (OBJECT_NAME,OBJECT_ID,GROUP_ID,VERSION_ID) VALUES ('FoodserviceStudentEnrollmentCount',331,1224,122);
INSERT INTO data_object (OBJECT_NAME,OBJECT_ID,GROUP_ID,VERSION_ID) VALUES ('FoodserviceStudentMealCounts',332,1224,122);
INSERT INTO data_object (OBJECT_NAME,OBJECT_ID,GROUP_ID,VERSION_ID) VALUES ('FoodserviceTransaction',333,1224,122);
INSERT INTO data_object (OBJECT_NAME,OBJECT_ID,GROUP_ID,VERSION_ID) VALUES ('FoodserviceTransactionDetails',334,1224,122);
INSERT INTO data_object (OBJECT_NAME,OBJECT_ID,GROUP_ID,VERSION_ID) VALUES ('FoodserviceTransactionPayMethod',335,1224,122);
INSERT INTO data_object (OBJECT_NAME,OBJECT_ID,GROUP_ID,VERSION_ID) VALUES ('StaffMeal',336,1224,122);
INSERT INTO data_object (OBJECT_NAME,OBJECT_ID,GROUP_ID,VERSION_ID) VALUES ('StudentMeal',337,1224,122);
INSERT INTO data_object (OBJECT_NAME,OBJECT_ID,GROUP_ID,VERSION_ID) VALUES ('GradingAssignment',338,1225,122);
INSERT INTO data_object (OBJECT_NAME,OBJECT_ID,GROUP_ID,VERSION_ID) VALUES ('GradingAssignmentScore',339,1225,122);
INSERT INTO data_object (OBJECT_NAME,OBJECT_ID,GROUP_ID,VERSION_ID) VALUES ('GradingCategory',340,1225,122);
INSERT INTO data_object (OBJECT_NAME,OBJECT_ID,GROUP_ID,VERSION_ID) VALUES ('MarkInfo',341,1225,122);
INSERT INTO data_object (OBJECT_NAME,OBJECT_ID,GROUP_ID,VERSION_ID) VALUES ('MarkValueInfo',342,1225,122);
INSERT INTO data_object (OBJECT_NAME,OBJECT_ID,GROUP_ID,VERSION_ID) VALUES ('OfficialStudentPeriodAttendance',343,1225,122);
INSERT INTO data_object (OBJECT_NAME,OBJECT_ID,GROUP_ID,VERSION_ID) VALUES ('SectionMarkInfo',344,1225,122);
INSERT INTO data_object (OBJECT_NAME,OBJECT_ID,GROUP_ID,VERSION_ID) VALUES ('StudentPeriodAttendance',345,1225,122);
INSERT INTO data_object (OBJECT_NAME,OBJECT_ID,GROUP_ID,VERSION_ID) VALUES ('StudentSectionMarks',346,1225,122);
INSERT INTO data_object (OBJECT_NAME,OBJECT_ID,GROUP_ID,VERSION_ID) VALUES ('AccountingPeriod',347,1226,122);
INSERT INTO data_object (OBJECT_NAME,OBJECT_ID,GROUP_ID,VERSION_ID) VALUES ('Billing',348,1226,122);
INSERT INTO data_object (OBJECT_NAME,OBJECT_ID,GROUP_ID,VERSION_ID) VALUES ('EmployeeAssignment',349,1226,122);
INSERT INTO data_object (OBJECT_NAME,OBJECT_ID,GROUP_ID,VERSION_ID) VALUES ('EmployeeContract',350,1226,122);
INSERT INTO data_object (OBJECT_NAME,OBJECT_ID,GROUP_ID,VERSION_ID) VALUES ('EmployeePersonal',351,1226,122);
INSERT INTO data_object (OBJECT_NAME,OBJECT_ID,GROUP_ID,VERSION_ID) VALUES ('EmployeePicture',352,1226,122);
INSERT INTO data_object (OBJECT_NAME,OBJECT_ID,GROUP_ID,VERSION_ID) VALUES ('EmployeeWage',353,1226,122);
INSERT INTO data_object (OBJECT_NAME,OBJECT_ID,GROUP_ID,VERSION_ID) VALUES ('EmploymentRecord',354,1226,122);
INSERT INTO data_object (OBJECT_NAME,OBJECT_ID,GROUP_ID,VERSION_ID) VALUES ('FinancialAccount',355,1226,122);
INSERT INTO data_object (OBJECT_NAME,OBJECT_ID,GROUP_ID,VERSION_ID) VALUES ('FinancialAccountAccountingPeriodLocationInfo',356,1226,122);
INSERT INTO data_object (OBJECT_NAME,OBJECT_ID,GROUP_ID,VERSION_ID) VALUES ('FinancialAnnual',357,1226,122);
INSERT INTO data_object (OBJECT_NAME,OBJECT_ID,GROUP_ID,VERSION_ID) VALUES ('FinancialBudget',358,1226,122);
INSERT INTO data_object (OBJECT_NAME,OBJECT_ID,GROUP_ID,VERSION_ID) VALUES ('FinancialClass',359,1226,122);
INSERT INTO data_object (OBJECT_NAME,OBJECT_ID,GROUP_ID,VERSION_ID) VALUES ('FinancialIncomeStatement',360,1226,122);
INSERT INTO data_object (OBJECT_NAME,OBJECT_ID,GROUP_ID,VERSION_ID) VALUES ('FinancialTransaction',361,1226,122);
INSERT INTO data_object (OBJECT_NAME,OBJECT_ID,GROUP_ID,VERSION_ID) VALUES ('FiscalYear',362,1226,122);
INSERT INTO data_object (OBJECT_NAME,OBJECT_ID,GROUP_ID,VERSION_ID) VALUES ('LocationInfo',363,1226,122);
INSERT INTO data_object (OBJECT_NAME,OBJECT_ID,GROUP_ID,VERSION_ID) VALUES ('Payment',364,1226,122);
INSERT INTO data_object (OBJECT_NAME,OBJECT_ID,GROUP_ID,VERSION_ID) VALUES ('Purchasing',365,1226,122);
INSERT INTO data_object (OBJECT_NAME,OBJECT_ID,GROUP_ID,VERSION_ID) VALUES ('TimeWorked',366,1226,122);
INSERT INTO data_object (OBJECT_NAME,OBJECT_ID,GROUP_ID,VERSION_ID) VALUES ('VendorInfo',367,1226,122);
INSERT INTO data_object (OBJECT_NAME,OBJECT_ID,GROUP_ID,VERSION_ID) VALUES ('W4',368,1226,122);
INSERT INTO data_object (OBJECT_NAME,OBJECT_ID,GROUP_ID,VERSION_ID) VALUES ('Authentication',369,1227,122);
INSERT INTO data_object (OBJECT_NAME,OBJECT_ID,GROUP_ID,VERSION_ID) VALUES ('SIF_LogEntry',370,1227,122);
INSERT INTO data_object (OBJECT_NAME,OBJECT_ID,GROUP_ID,VERSION_ID) VALUES ('Activity',371,1228,122);
INSERT INTO data_object (OBJECT_NAME,OBJECT_ID,GROUP_ID,VERSION_ID) VALUES ('Assignment',372,1228,122);
INSERT INTO data_object (OBJECT_NAME,OBJECT_ID,GROUP_ID,VERSION_ID) VALUES ('CurriculumStructure',373,1228,122);
INSERT INTO data_object (OBJECT_NAME,OBJECT_ID,GROUP_ID,VERSION_ID) VALUES ('LearningResource',374,1228,122);
INSERT INTO data_object (OBJECT_NAME,OBJECT_ID,GROUP_ID,VERSION_ID) VALUES ('LearningResourcePackage',375,1228,122);
INSERT INTO data_object (OBJECT_NAME,OBJECT_ID,GROUP_ID,VERSION_ID) VALUES ('LearningStandardDocument',376,1228,122);
INSERT INTO data_object (OBJECT_NAME,OBJECT_ID,GROUP_ID,VERSION_ID) VALUES ('LearningStandardItem',377,1228,122);
INSERT INTO data_object (OBJECT_NAME,OBJECT_ID,GROUP_ID,VERSION_ID) VALUES ('Lesson',378,1228,122);
INSERT INTO data_object (OBJECT_NAME,OBJECT_ID,GROUP_ID,VERSION_ID) VALUES ('LibraryPatronStatus',379,1229,122);
INSERT INTO data_object (OBJECT_NAME,OBJECT_ID,GROUP_ID,VERSION_ID) VALUES ('ActivityProvider',380,12210,122);
INSERT INTO data_object (OBJECT_NAME,OBJECT_ID,GROUP_ID,VERSION_ID) VALUES ('EmployeeCredential',381,12210,122);
INSERT INTO data_object (OBJECT_NAME,OBJECT_ID,GROUP_ID,VERSION_ID) VALUES ('EmployeeCredit',382,12210,122);
INSERT INTO data_object (OBJECT_NAME,OBJECT_ID,GROUP_ID,VERSION_ID) VALUES ('EmployeeRecertification',383,12210,122);
INSERT INTO data_object (OBJECT_NAME,OBJECT_ID,GROUP_ID,VERSION_ID) VALUES ('ProfessionalDevelopmentActivities',384,12210,122);
INSERT INTO data_object (OBJECT_NAME,OBJECT_ID,GROUP_ID,VERSION_ID) VALUES ('ProfessionalDevelopmentProgram',385,12210,122);
INSERT INTO data_object (OBJECT_NAME,OBJECT_ID,GROUP_ID,VERSION_ID) VALUES ('ProfessionalDevelopmentRegistration',386,12210,122);
INSERT INTO data_object (OBJECT_NAME,OBJECT_ID,GROUP_ID,VERSION_ID) VALUES ('StudentParticipation',387,12211,122);
INSERT INTO data_object (OBJECT_NAME,OBJECT_ID,GROUP_ID,VERSION_ID) VALUES ('StudentPlacement',388,12211,122);
INSERT INTO data_object (OBJECT_NAME,OBJECT_ID,GROUP_ID,VERSION_ID) VALUES ('TestAccommodation',389,12211,122);
INSERT INTO data_object (OBJECT_NAME,OBJECT_ID,GROUP_ID,VERSION_ID) VALUES ('AttendanceCodeInfo',390,12212,122);
INSERT INTO data_object (OBJECT_NAME,OBJECT_ID,GROUP_ID,VERSION_ID) VALUES ('CalendarDate',391,12212,122);
INSERT INTO data_object (OBJECT_NAME,OBJECT_ID,GROUP_ID,VERSION_ID) VALUES ('CalendarSummary',392,12212,122);
INSERT INTO data_object (OBJECT_NAME,OBJECT_ID,GROUP_ID,VERSION_ID) VALUES ('DisciplineIncident',393,12212,122);
INSERT INTO data_object (OBJECT_NAME,OBJECT_ID,GROUP_ID,VERSION_ID) VALUES ('LEAInfo',394,12212,122);
INSERT INTO data_object (OBJECT_NAME,OBJECT_ID,GROUP_ID,VERSION_ID) VALUES ('RoomInfo',395,12212,122);
INSERT INTO data_object (OBJECT_NAME,OBJECT_ID,GROUP_ID,VERSION_ID) VALUES ('RoomType',396,12212,122);
INSERT INTO data_object (OBJECT_NAME,OBJECT_ID,GROUP_ID,VERSION_ID) VALUES ('SchoolCourseInfo',397,12212,122);
INSERT INTO data_object (OBJECT_NAME,OBJECT_ID,GROUP_ID,VERSION_ID) VALUES ('SchoolInfo',398,12212,122);
INSERT INTO data_object (OBJECT_NAME,OBJECT_ID,GROUP_ID,VERSION_ID) VALUES ('SectionInfo',399,12212,122);
INSERT INTO data_object (OBJECT_NAME,OBJECT_ID,GROUP_ID,VERSION_ID) VALUES ('StaffAssignment',400,12212,122);
INSERT INTO data_object (OBJECT_NAME,OBJECT_ID,GROUP_ID,VERSION_ID) VALUES ('StaffPersonal',401,12212,122);
INSERT INTO data_object (OBJECT_NAME,OBJECT_ID,GROUP_ID,VERSION_ID) VALUES ('StudentAttendanceSummary',402,12212,122);
INSERT INTO data_object (OBJECT_NAME,OBJECT_ID,GROUP_ID,VERSION_ID) VALUES ('StudentContact',403,12212,122);
INSERT INTO data_object (OBJECT_NAME,OBJECT_ID,GROUP_ID,VERSION_ID) VALUES ('StudentDailyAttendance',404,12212,122);
INSERT INTO data_object (OBJECT_NAME,OBJECT_ID,GROUP_ID,VERSION_ID) VALUES ('StudentPersonal',405,12212,122);
INSERT INTO data_object (OBJECT_NAME,OBJECT_ID,GROUP_ID,VERSION_ID) VALUES ('StudentPicture',406,12212,122);
INSERT INTO data_object (OBJECT_NAME,OBJECT_ID,GROUP_ID,VERSION_ID) VALUES ('StudentSchoolEnrollment',407,12212,122);
INSERT INTO data_object (OBJECT_NAME,OBJECT_ID,GROUP_ID,VERSION_ID) VALUES ('StudentSectionEnrollment',408,12212,122);
INSERT INTO data_object (OBJECT_NAME,OBJECT_ID,GROUP_ID,VERSION_ID) VALUES ('StudentSnapshot',409,12212,122);
INSERT INTO data_object (OBJECT_NAME,OBJECT_ID,GROUP_ID,VERSION_ID) VALUES ('TermInfo',410,12212,122);
INSERT INTO data_object (OBJECT_NAME,OBJECT_ID,GROUP_ID,VERSION_ID) VALUES ('StudentRecordExchange',411,12213,122);
INSERT INTO data_object (OBJECT_NAME,OBJECT_ID,GROUP_ID,VERSION_ID) VALUES ('StudentDemographicRecord',412,12213,122);
INSERT INTO data_object (OBJECT_NAME,OBJECT_ID,GROUP_ID,VERSION_ID) VALUES ('StudentAcademicRecord',413,12213,122);
INSERT INTO data_object (OBJECT_NAME,OBJECT_ID,GROUP_ID,VERSION_ID) VALUES ('StudentSpecialEducationRecord',414,12213,122);
INSERT INTO data_object (OBJECT_NAME,OBJECT_ID,GROUP_ID,VERSION_ID) VALUES ('StudentRecordPackage',415,12213,122);
INSERT INTO data_object (OBJECT_NAME,OBJECT_ID,GROUP_ID,VERSION_ID) VALUES ('BusEquipment',416,12214,122);
INSERT INTO data_object (OBJECT_NAME,OBJECT_ID,GROUP_ID,VERSION_ID) VALUES ('BusInfo',417,12214,122);
INSERT INTO data_object (OBJECT_NAME,OBJECT_ID,GROUP_ID,VERSION_ID) VALUES ('BusPositionInfo',418,12214,122);
INSERT INTO data_object (OBJECT_NAME,OBJECT_ID,GROUP_ID,VERSION_ID) VALUES ('BusRouteDetail',419,12214,122);
INSERT INTO data_object (OBJECT_NAME,OBJECT_ID,GROUP_ID,VERSION_ID) VALUES ('BusRouteInfo',420,12214,122);
INSERT INTO data_object (OBJECT_NAME,OBJECT_ID,GROUP_ID,VERSION_ID) VALUES ('BusStopInfo',421,12214,122);
INSERT INTO data_object (OBJECT_NAME,OBJECT_ID,GROUP_ID,VERSION_ID) VALUES ('StudentTransportInfo',422,12214,122);
INSERT INTO data_object (OBJECT_NAME,OBJECT_ID,GROUP_ID,VERSION_ID) VALUES ('ReportAuthorityInfo',423,12215,122);
INSERT INTO data_object (OBJECT_NAME,OBJECT_ID,GROUP_ID,VERSION_ID) VALUES ('ReportManifest',424,12215,122);
INSERT INTO data_object (OBJECT_NAME,OBJECT_ID,GROUP_ID,VERSION_ID) VALUES ('SIF_ReportObject',425,12215,122);
INSERT INTO data_object (OBJECT_NAME,OBJECT_ID,GROUP_ID,VERSION_ID) VALUES ('StudentLocator',426,12215,122);
INSERT INTO data_object (OBJECT_NAME,OBJECT_ID,GROUP_ID,VERSION_ID) VALUES ('Assessment',427,1231,123);
INSERT INTO data_object (OBJECT_NAME,OBJECT_ID,GROUP_ID,VERSION_ID) VALUES ('AssessmentAdministration',428,1231,123);
INSERT INTO data_object (OBJECT_NAME,OBJECT_ID,GROUP_ID,VERSION_ID) VALUES ('AssessmentForm',429,1231,123);
INSERT INTO data_object (OBJECT_NAME,OBJECT_ID,GROUP_ID,VERSION_ID) VALUES ('AssessmentItem',430,1231,123);
INSERT INTO data_object (OBJECT_NAME,OBJECT_ID,GROUP_ID,VERSION_ID) VALUES ('AssessmentPackage',431,1231,123);
INSERT INTO data_object (OBJECT_NAME,OBJECT_ID,GROUP_ID,VERSION_ID) VALUES ('AssessmentRegistration',432,1231,123);
INSERT INTO data_object (OBJECT_NAME,OBJECT_ID,GROUP_ID,VERSION_ID) VALUES ('AssessmentSubTest',433,1231,123);
INSERT INTO data_object (OBJECT_NAME,OBJECT_ID,GROUP_ID,VERSION_ID) VALUES ('ItemCharacteristics',434,1231,123);
INSERT INTO data_object (OBJECT_NAME,OBJECT_ID,GROUP_ID,VERSION_ID) VALUES ('StudentResponseSet',435,1231,123);
INSERT INTO data_object (OBJECT_NAME,OBJECT_ID,GROUP_ID,VERSION_ID) VALUES ('StudentScoreSet',436,1231,123);
INSERT INTO data_object (OBJECT_NAME,OBJECT_ID,GROUP_ID,VERSION_ID) VALUES ('SIF_Metadata',437,1232,123);
INSERT INTO data_object (OBJECT_NAME,OBJECT_ID,GROUP_ID,VERSION_ID) VALUES ('TimeElement',438,1232,123);
INSERT INTO data_object (OBJECT_NAME,OBJECT_ID,GROUP_ID,VERSION_ID) VALUES ('LifeCycle',439,1232,123);
INSERT INTO data_object (OBJECT_NAME,OBJECT_ID,GROUP_ID,VERSION_ID) VALUES ('RightsElement',440,1232,123);
INSERT INTO data_object (OBJECT_NAME,OBJECT_ID,GROUP_ID,VERSION_ID) VALUES ('EducationFilter',441,1232,123);
INSERT INTO data_object (OBJECT_NAME,OBJECT_ID,GROUP_ID,VERSION_ID) VALUES ('SEAInfo',442,1232,123);
INSERT INTO data_object (OBJECT_NAME,OBJECT_ID,GROUP_ID,VERSION_ID) VALUES ('StudentLEARelationship',443,1232,123);
INSERT INTO data_object (OBJECT_NAME,OBJECT_ID,GROUP_ID,VERSION_ID) VALUES ('AggregateStatisticInfo',444,1233,123);
INSERT INTO data_object (OBJECT_NAME,OBJECT_ID,GROUP_ID,VERSION_ID) VALUES ('AggregateCharacteristicInfo',445,1233,123);
INSERT INTO data_object (OBJECT_NAME,OBJECT_ID,GROUP_ID,VERSION_ID) VALUES ('AggregateStatisticFact',446,1233,123);
INSERT INTO data_object (OBJECT_NAME,OBJECT_ID,GROUP_ID,VERSION_ID) VALUES ('FoodserviceItem',447,1234,123);
INSERT INTO data_object (OBJECT_NAME,OBJECT_ID,GROUP_ID,VERSION_ID) VALUES ('FoodserviceItemPortion',448,1234,123);
INSERT INTO data_object (OBJECT_NAME,OBJECT_ID,GROUP_ID,VERSION_ID) VALUES ('FoodserviceItemSales',449,1234,123);
INSERT INTO data_object (OBJECT_NAME,OBJECT_ID,GROUP_ID,VERSION_ID) VALUES ('FoodserviceItemUnit',450,1234,123);
INSERT INTO data_object (OBJECT_NAME,OBJECT_ID,GROUP_ID,VERSION_ID) VALUES ('FoodserviceMealPrices',451,1234,123);
INSERT INTO data_object (OBJECT_NAME,OBJECT_ID,GROUP_ID,VERSION_ID) VALUES ('FoodserviceMenuPlan',452,1234,123);
INSERT INTO data_object (OBJECT_NAME,OBJECT_ID,GROUP_ID,VERSION_ID) VALUES ('FoodserviceMilkSales',453,1234,123);
INSERT INTO data_object (OBJECT_NAME,OBJECT_ID,GROUP_ID,VERSION_ID) VALUES ('FoodservicePurchaseTransaction',454,1234,123);
INSERT INTO data_object (OBJECT_NAME,OBJECT_ID,GROUP_ID,VERSION_ID) VALUES ('FoodserviceReimbursementRates',455,1234,123);
INSERT INTO data_object (OBJECT_NAME,OBJECT_ID,GROUP_ID,VERSION_ID) VALUES ('FoodserviceSales',456,1234,123);
INSERT INTO data_object (OBJECT_NAME,OBJECT_ID,GROUP_ID,VERSION_ID) VALUES ('FoodserviceStaffEnrollmentCount',457,1234,123);
INSERT INTO data_object (OBJECT_NAME,OBJECT_ID,GROUP_ID,VERSION_ID) VALUES ('FoodserviceStaffMealCounts',458,1234,123);
INSERT INTO data_object (OBJECT_NAME,OBJECT_ID,GROUP_ID,VERSION_ID) VALUES ('FoodserviceStudentEnrollmentCount',459,1234,123);
INSERT INTO data_object (OBJECT_NAME,OBJECT_ID,GROUP_ID,VERSION_ID) VALUES ('FoodserviceStudentMealCounts',460,1234,123);
INSERT INTO data_object (OBJECT_NAME,OBJECT_ID,GROUP_ID,VERSION_ID) VALUES ('FoodserviceTransaction',461,1234,123);
INSERT INTO data_object (OBJECT_NAME,OBJECT_ID,GROUP_ID,VERSION_ID) VALUES ('FoodserviceTransactionDetails',462,1234,123);
INSERT INTO data_object (OBJECT_NAME,OBJECT_ID,GROUP_ID,VERSION_ID) VALUES ('FoodserviceTransactionPayMethod',463,1234,123);
INSERT INTO data_object (OBJECT_NAME,OBJECT_ID,GROUP_ID,VERSION_ID) VALUES ('StaffMeal',464,1234,123);
INSERT INTO data_object (OBJECT_NAME,OBJECT_ID,GROUP_ID,VERSION_ID) VALUES ('StudentMeal',465,1234,123);
INSERT INTO data_object (OBJECT_NAME,OBJECT_ID,GROUP_ID,VERSION_ID) VALUES ('GradingAssignment',466,1235,123);
INSERT INTO data_object (OBJECT_NAME,OBJECT_ID,GROUP_ID,VERSION_ID) VALUES ('GradingAssignmentScore',467,1235,123);
INSERT INTO data_object (OBJECT_NAME,OBJECT_ID,GROUP_ID,VERSION_ID) VALUES ('GradingCategory',468,1235,123);
INSERT INTO data_object (OBJECT_NAME,OBJECT_ID,GROUP_ID,VERSION_ID) VALUES ('MarkInfo',469,1235,123);
INSERT INTO data_object (OBJECT_NAME,OBJECT_ID,GROUP_ID,VERSION_ID) VALUES ('MarkValueInfo',470,1235,123);
INSERT INTO data_object (OBJECT_NAME,OBJECT_ID,GROUP_ID,VERSION_ID) VALUES ('OfficialStudentPeriodAttendance',471,1235,123);
INSERT INTO data_object (OBJECT_NAME,OBJECT_ID,GROUP_ID,VERSION_ID) VALUES ('SectionMarkInfo',472,1235,123);
INSERT INTO data_object (OBJECT_NAME,OBJECT_ID,GROUP_ID,VERSION_ID) VALUES ('StudentGrade',473,1235,123);
INSERT INTO data_object (OBJECT_NAME,OBJECT_ID,GROUP_ID,VERSION_ID) VALUES ('StudentPeriodAttendance',474,1235,123);
INSERT INTO data_object (OBJECT_NAME,OBJECT_ID,GROUP_ID,VERSION_ID) VALUES ('StudentSectionMarks',475,1235,123);
INSERT INTO data_object (OBJECT_NAME,OBJECT_ID,GROUP_ID,VERSION_ID) VALUES ('AccountingPeriod',476,1236,123);
INSERT INTO data_object (OBJECT_NAME,OBJECT_ID,GROUP_ID,VERSION_ID) VALUES ('Billing',477,1236,123);
INSERT INTO data_object (OBJECT_NAME,OBJECT_ID,GROUP_ID,VERSION_ID) VALUES ('EmployeeAssignment',478,1236,123);
INSERT INTO data_object (OBJECT_NAME,OBJECT_ID,GROUP_ID,VERSION_ID) VALUES ('EmployeeContract',479,1236,123);
INSERT INTO data_object (OBJECT_NAME,OBJECT_ID,GROUP_ID,VERSION_ID) VALUES ('EmployeePersonal',480,1236,123);
INSERT INTO data_object (OBJECT_NAME,OBJECT_ID,GROUP_ID,VERSION_ID) VALUES ('EmployeePicture',481,1236,123);
INSERT INTO data_object (OBJECT_NAME,OBJECT_ID,GROUP_ID,VERSION_ID) VALUES ('EmployeeWage',482,1236,123);
INSERT INTO data_object (OBJECT_NAME,OBJECT_ID,GROUP_ID,VERSION_ID) VALUES ('EmploymentRecord',483,1236,123);
INSERT INTO data_object (OBJECT_NAME,OBJECT_ID,GROUP_ID,VERSION_ID) VALUES ('FinancialAccount',484,1236,123);
INSERT INTO data_object (OBJECT_NAME,OBJECT_ID,GROUP_ID,VERSION_ID) VALUES ('FinancialAccountAccountingPeriodLocationInfo',485,1236,123);
INSERT INTO data_object (OBJECT_NAME,OBJECT_ID,GROUP_ID,VERSION_ID) VALUES ('FinancialAnnual',486,1236,123);
INSERT INTO data_object (OBJECT_NAME,OBJECT_ID,GROUP_ID,VERSION_ID) VALUES ('FinancialBudget',487,1236,123);
INSERT INTO data_object (OBJECT_NAME,OBJECT_ID,GROUP_ID,VERSION_ID) VALUES ('FinancialClass',488,1236,123);
INSERT INTO data_object (OBJECT_NAME,OBJECT_ID,GROUP_ID,VERSION_ID) VALUES ('FinancialIncomeStatement',489,1236,123);
INSERT INTO data_object (OBJECT_NAME,OBJECT_ID,GROUP_ID,VERSION_ID) VALUES ('FinancialTransaction',490,1236,123);
INSERT INTO data_object (OBJECT_NAME,OBJECT_ID,GROUP_ID,VERSION_ID) VALUES ('FiscalYear',491,1236,123);
INSERT INTO data_object (OBJECT_NAME,OBJECT_ID,GROUP_ID,VERSION_ID) VALUES ('LocationInfo',492,1236,123);
INSERT INTO data_object (OBJECT_NAME,OBJECT_ID,GROUP_ID,VERSION_ID) VALUES ('Payment',493,1236,123);
INSERT INTO data_object (OBJECT_NAME,OBJECT_ID,GROUP_ID,VERSION_ID) VALUES ('Purchasing',494,1236,123);
INSERT INTO data_object (OBJECT_NAME,OBJECT_ID,GROUP_ID,VERSION_ID) VALUES ('TimeWorked',495,1236,123);
INSERT INTO data_object (OBJECT_NAME,OBJECT_ID,GROUP_ID,VERSION_ID) VALUES ('VendorInfo',496,1236,123);
INSERT INTO data_object (OBJECT_NAME,OBJECT_ID,GROUP_ID,VERSION_ID) VALUES ('W4',497,1236,123);
INSERT INTO data_object (OBJECT_NAME,OBJECT_ID,GROUP_ID,VERSION_ID) VALUES ('Authentication',498,1237,123);
INSERT INTO data_object (OBJECT_NAME,OBJECT_ID,GROUP_ID,VERSION_ID) VALUES ('SIF_LogEntry',499,1237,123);
INSERT INTO data_object (OBJECT_NAME,OBJECT_ID,GROUP_ID,VERSION_ID) VALUES ('Activity',500,1238,123);
INSERT INTO data_object (OBJECT_NAME,OBJECT_ID,GROUP_ID,VERSION_ID) VALUES ('Assignment',501,1238,123);
INSERT INTO data_object (OBJECT_NAME,OBJECT_ID,GROUP_ID,VERSION_ID) VALUES ('CurriculumStructure',502,1238,123);
INSERT INTO data_object (OBJECT_NAME,OBJECT_ID,GROUP_ID,VERSION_ID) VALUES ('LearningResource',503,1238,123);
INSERT INTO data_object (OBJECT_NAME,OBJECT_ID,GROUP_ID,VERSION_ID) VALUES ('LearningResourcePackage',504,1238,123);
INSERT INTO data_object (OBJECT_NAME,OBJECT_ID,GROUP_ID,VERSION_ID) VALUES ('LearningStandardDocument',505,1238,123);
INSERT INTO data_object (OBJECT_NAME,OBJECT_ID,GROUP_ID,VERSION_ID) VALUES ('LearningStandardItem',506,1238,123);
INSERT INTO data_object (OBJECT_NAME,OBJECT_ID,GROUP_ID,VERSION_ID) VALUES ('Lesson',507,1238,123);
INSERT INTO data_object (OBJECT_NAME,OBJECT_ID,GROUP_ID,VERSION_ID) VALUES ('LibraryPatronStatus',508,1239,123);
INSERT INTO data_object (OBJECT_NAME,OBJECT_ID,GROUP_ID,VERSION_ID) VALUES ('ActivityProvider',509,12310,123);
INSERT INTO data_object (OBJECT_NAME,OBJECT_ID,GROUP_ID,VERSION_ID) VALUES ('EmployeeCredential',510,12310,123);
INSERT INTO data_object (OBJECT_NAME,OBJECT_ID,GROUP_ID,VERSION_ID) VALUES ('EmployeeCredit',511,12310,123);
INSERT INTO data_object (OBJECT_NAME,OBJECT_ID,GROUP_ID,VERSION_ID) VALUES ('EmployeeRecertification',512,12310,123);
INSERT INTO data_object (OBJECT_NAME,OBJECT_ID,GROUP_ID,VERSION_ID) VALUES ('ProfessionalDevelopmentActivities',513,12310,123);
INSERT INTO data_object (OBJECT_NAME,OBJECT_ID,GROUP_ID,VERSION_ID) VALUES ('ProfessionalDevelopmentProgram',514,12310,123);
INSERT INTO data_object (OBJECT_NAME,OBJECT_ID,GROUP_ID,VERSION_ID) VALUES ('ProfessionalDevelopmentRegistration',515,12310,123);
INSERT INTO data_object (OBJECT_NAME,OBJECT_ID,GROUP_ID,VERSION_ID) VALUES ('StudentParticipation',516,12311,123);
INSERT INTO data_object (OBJECT_NAME,OBJECT_ID,GROUP_ID,VERSION_ID) VALUES ('StudentPlacement',517,12311,123);
INSERT INTO data_object (OBJECT_NAME,OBJECT_ID,GROUP_ID,VERSION_ID) VALUES ('TestAccommodation',518,12311,123);
INSERT INTO data_object (OBJECT_NAME,OBJECT_ID,GROUP_ID,VERSION_ID) VALUES ('AttendanceCodeInfo',519,12312,123);
INSERT INTO data_object (OBJECT_NAME,OBJECT_ID,GROUP_ID,VERSION_ID) VALUES ('CalendarDate',520,12312,123);
INSERT INTO data_object (OBJECT_NAME,OBJECT_ID,GROUP_ID,VERSION_ID) VALUES ('CalendarSummary',521,12312,123);
INSERT INTO data_object (OBJECT_NAME,OBJECT_ID,GROUP_ID,VERSION_ID) VALUES ('DisciplineIncident',522,12312,123);
INSERT INTO data_object (OBJECT_NAME,OBJECT_ID,GROUP_ID,VERSION_ID) VALUES ('LEAInfo',523,12312,123);
INSERT INTO data_object (OBJECT_NAME,OBJECT_ID,GROUP_ID,VERSION_ID) VALUES ('RoomInfo',524,12312,123);
INSERT INTO data_object (OBJECT_NAME,OBJECT_ID,GROUP_ID,VERSION_ID) VALUES ('RoomType',525,12312,123);
INSERT INTO data_object (OBJECT_NAME,OBJECT_ID,GROUP_ID,VERSION_ID) VALUES ('SchoolCourseInfo',526,12312,123);
INSERT INTO data_object (OBJECT_NAME,OBJECT_ID,GROUP_ID,VERSION_ID) VALUES ('SchoolInfo',527,12312,123);
INSERT INTO data_object (OBJECT_NAME,OBJECT_ID,GROUP_ID,VERSION_ID) VALUES ('SectionInfo',528,12312,123);
INSERT INTO data_object (OBJECT_NAME,OBJECT_ID,GROUP_ID,VERSION_ID) VALUES ('StaffAssignment',529,12312,123);
INSERT INTO data_object (OBJECT_NAME,OBJECT_ID,GROUP_ID,VERSION_ID) VALUES ('StaffPersonal',530,12312,123);
INSERT INTO data_object (OBJECT_NAME,OBJECT_ID,GROUP_ID,VERSION_ID) VALUES ('StudentActivityInfo',531,12312,123);
INSERT INTO data_object (OBJECT_NAME,OBJECT_ID,GROUP_ID,VERSION_ID) VALUES ('StudentActivityParticipation',532,12312,123);
INSERT INTO data_object (OBJECT_NAME,OBJECT_ID,GROUP_ID,VERSION_ID) VALUES ('StudentAttendanceSummary',533,12312,123);
INSERT INTO data_object (OBJECT_NAME,OBJECT_ID,GROUP_ID,VERSION_ID) VALUES ('StudentContact',534,12312,123);
INSERT INTO data_object (OBJECT_NAME,OBJECT_ID,GROUP_ID,VERSION_ID) VALUES ('StudentDailyAttendance',535,12312,123);
INSERT INTO data_object (OBJECT_NAME,OBJECT_ID,GROUP_ID,VERSION_ID) VALUES ('StudentPersonal',536,12312,123);
INSERT INTO data_object (OBJECT_NAME,OBJECT_ID,GROUP_ID,VERSION_ID) VALUES ('StudentPicture',537,12312,123);
INSERT INTO data_object (OBJECT_NAME,OBJECT_ID,GROUP_ID,VERSION_ID) VALUES ('StudentSchoolEnrollment',538,12312,123);
INSERT INTO data_object (OBJECT_NAME,OBJECT_ID,GROUP_ID,VERSION_ID) VALUES ('StudentSectionEnrollment',539,12312,123);
INSERT INTO data_object (OBJECT_NAME,OBJECT_ID,GROUP_ID,VERSION_ID) VALUES ('StudentSnapshot',540,12312,123);
INSERT INTO data_object (OBJECT_NAME,OBJECT_ID,GROUP_ID,VERSION_ID) VALUES ('TermInfo',541,12312,123);
INSERT INTO data_object (OBJECT_NAME,OBJECT_ID,GROUP_ID,VERSION_ID) VALUES ('StudentRecordExchange',542,12313,123);
INSERT INTO data_object (OBJECT_NAME,OBJECT_ID,GROUP_ID,VERSION_ID) VALUES ('StudentDemographicRecord',543,12313,123);
INSERT INTO data_object (OBJECT_NAME,OBJECT_ID,GROUP_ID,VERSION_ID) VALUES ('StudentAcademicRecord',544,12313,123);
INSERT INTO data_object (OBJECT_NAME,OBJECT_ID,GROUP_ID,VERSION_ID) VALUES ('StudentSpecialEducationRecord',545,12313,123);
INSERT INTO data_object (OBJECT_NAME,OBJECT_ID,GROUP_ID,VERSION_ID) VALUES ('StudentRecordPackage',546,12313,123);
INSERT INTO data_object (OBJECT_NAME,OBJECT_ID,GROUP_ID,VERSION_ID) VALUES ('BusEquipment',547,12314,123);
INSERT INTO data_object (OBJECT_NAME,OBJECT_ID,GROUP_ID,VERSION_ID) VALUES ('BusInfo',548,12314,123);
INSERT INTO data_object (OBJECT_NAME,OBJECT_ID,GROUP_ID,VERSION_ID) VALUES ('BusPositionInfo',549,12314,123);
INSERT INTO data_object (OBJECT_NAME,OBJECT_ID,GROUP_ID,VERSION_ID) VALUES ('BusRouteDetail',550,12314,123);
INSERT INTO data_object (OBJECT_NAME,OBJECT_ID,GROUP_ID,VERSION_ID) VALUES ('BusRouteInfo',551,12314,123);
INSERT INTO data_object (OBJECT_NAME,OBJECT_ID,GROUP_ID,VERSION_ID) VALUES ('BusStopInfo',552,12314,123);
INSERT INTO data_object (OBJECT_NAME,OBJECT_ID,GROUP_ID,VERSION_ID) VALUES ('StudentTransportInfo',553,12314,123);
INSERT INTO data_object (OBJECT_NAME,OBJECT_ID,GROUP_ID,VERSION_ID) VALUES ('ReportAuthorityInfo',554,12315,123);
INSERT INTO data_object (OBJECT_NAME,OBJECT_ID,GROUP_ID,VERSION_ID) VALUES ('ReportManifest',555,12315,123);
INSERT INTO data_object (OBJECT_NAME,OBJECT_ID,GROUP_ID,VERSION_ID) VALUES ('SIF_ReportObject',556,12315,123);
INSERT INTO data_object (OBJECT_NAME,OBJECT_ID,GROUP_ID,VERSION_ID) VALUES ('StudentLocator',557,12315,123);
INSERT INTO data_object (OBJECT_NAME,OBJECT_ID,GROUP_ID,VERSION_ID) VALUES ('Assessment',558,41,4);
INSERT INTO data_object (OBJECT_NAME,OBJECT_ID,GROUP_ID,VERSION_ID) VALUES ('AssessmentAdministration',559,41,4);
INSERT INTO data_object (OBJECT_NAME,OBJECT_ID,GROUP_ID,VERSION_ID) VALUES ('AssessmentForm',560,41,4);
INSERT INTO data_object (OBJECT_NAME,OBJECT_ID,GROUP_ID,VERSION_ID) VALUES ('AssessmentPackage',561,41,4);
INSERT INTO data_object (OBJECT_NAME,OBJECT_ID,GROUP_ID,VERSION_ID) VALUES ('AssessmentRegistration',562,41,4);
INSERT INTO data_object (OBJECT_NAME,OBJECT_ID,GROUP_ID,VERSION_ID) VALUES ('AssessmentSubTest',563,41,4);
INSERT INTO data_object (OBJECT_NAME,OBJECT_ID,GROUP_ID,VERSION_ID) VALUES ('StudentResponseSet',564,41,4);
INSERT INTO data_object (OBJECT_NAME,OBJECT_ID,GROUP_ID,VERSION_ID) VALUES ('StudentScoreSet',565,41,4);
INSERT INTO data_object (OBJECT_NAME,OBJECT_ID,GROUP_ID,VERSION_ID) VALUES ('SIF_Metadata',566,42,4);
INSERT INTO data_object (OBJECT_NAME,OBJECT_ID,GROUP_ID,VERSION_ID) VALUES ('TimeElement',567,42,4);
INSERT INTO data_object (OBJECT_NAME,OBJECT_ID,GROUP_ID,VERSION_ID) VALUES ('LifeCycle',568,42,4);
INSERT INTO data_object (OBJECT_NAME,OBJECT_ID,GROUP_ID,VERSION_ID) VALUES ('RightsElement',569,42,4);
INSERT INTO data_object (OBJECT_NAME,OBJECT_ID,GROUP_ID,VERSION_ID) VALUES ('AggregateStatisticInfo',570,43,4);
INSERT INTO data_object (OBJECT_NAME,OBJECT_ID,GROUP_ID,VERSION_ID) VALUES ('AggregateCharacteristicInfo',571,43,4);
INSERT INTO data_object (OBJECT_NAME,OBJECT_ID,GROUP_ID,VERSION_ID) VALUES ('AggregateStatisticFact',572,43,4);
INSERT INTO data_object (OBJECT_NAME,OBJECT_ID,GROUP_ID,VERSION_ID) VALUES ('FoodserviceItem',573,44,4);
INSERT INTO data_object (OBJECT_NAME,OBJECT_ID,GROUP_ID,VERSION_ID) VALUES ('FoodserviceItemPortion',574,44,4);
INSERT INTO data_object (OBJECT_NAME,OBJECT_ID,GROUP_ID,VERSION_ID) VALUES ('FoodserviceItemSales',575,44,4);
INSERT INTO data_object (OBJECT_NAME,OBJECT_ID,GROUP_ID,VERSION_ID) VALUES ('FoodserviceItemUnit',576,44,4);
INSERT INTO data_object (OBJECT_NAME,OBJECT_ID,GROUP_ID,VERSION_ID) VALUES ('FoodserviceMealPrices',577,44,4);
INSERT INTO data_object (OBJECT_NAME,OBJECT_ID,GROUP_ID,VERSION_ID) VALUES ('FoodserviceMenuPlan',578,44,4);
INSERT INTO data_object (OBJECT_NAME,OBJECT_ID,GROUP_ID,VERSION_ID) VALUES ('FoodserviceMilkSales',579,44,4);
INSERT INTO data_object (OBJECT_NAME,OBJECT_ID,GROUP_ID,VERSION_ID) VALUES ('FoodservicePurchaseTransaction',580,44,4);
INSERT INTO data_object (OBJECT_NAME,OBJECT_ID,GROUP_ID,VERSION_ID) VALUES ('FoodserviceReimbursementRates',581,44,4);
INSERT INTO data_object (OBJECT_NAME,OBJECT_ID,GROUP_ID,VERSION_ID) VALUES ('FoodserviceSales',582,44,4);
INSERT INTO data_object (OBJECT_NAME,OBJECT_ID,GROUP_ID,VERSION_ID) VALUES ('FoodserviceStaffEnrollmentCount',583,44,4);
INSERT INTO data_object (OBJECT_NAME,OBJECT_ID,GROUP_ID,VERSION_ID) VALUES ('FoodserviceStaffMealCounts',584,44,4);
INSERT INTO data_object (OBJECT_NAME,OBJECT_ID,GROUP_ID,VERSION_ID) VALUES ('FoodserviceStudentEnrollmentCount',585,44,4);
INSERT INTO data_object (OBJECT_NAME,OBJECT_ID,GROUP_ID,VERSION_ID) VALUES ('FoodserviceStudentMealCounts',586,44,4);
INSERT INTO data_object (OBJECT_NAME,OBJECT_ID,GROUP_ID,VERSION_ID) VALUES ('FoodserviceTransaction',587,44,4);
INSERT INTO data_object (OBJECT_NAME,OBJECT_ID,GROUP_ID,VERSION_ID) VALUES ('FoodserviceTransactionDetails',588,44,4);
INSERT INTO data_object (OBJECT_NAME,OBJECT_ID,GROUP_ID,VERSION_ID) VALUES ('FoodserviceTransactionPayMethod',589,44,4);
INSERT INTO data_object (OBJECT_NAME,OBJECT_ID,GROUP_ID,VERSION_ID) VALUES ('StaffMeal',590,44,4);
INSERT INTO data_object (OBJECT_NAME,OBJECT_ID,GROUP_ID,VERSION_ID) VALUES ('StudentMeal',591,44,4);
INSERT INTO data_object (OBJECT_NAME,OBJECT_ID,GROUP_ID,VERSION_ID) VALUES ('GradingAssignment',592,45,4);
INSERT INTO data_object (OBJECT_NAME,OBJECT_ID,GROUP_ID,VERSION_ID) VALUES ('GradingAssignmentScore',593,45,4);
INSERT INTO data_object (OBJECT_NAME,OBJECT_ID,GROUP_ID,VERSION_ID) VALUES ('GradingCategory',594,45,4);
INSERT INTO data_object (OBJECT_NAME,OBJECT_ID,GROUP_ID,VERSION_ID) VALUES ('MarkInfo',595,45,4);
INSERT INTO data_object (OBJECT_NAME,OBJECT_ID,GROUP_ID,VERSION_ID) VALUES ('MarkValueInfo',596,45,4);
INSERT INTO data_object (OBJECT_NAME,OBJECT_ID,GROUP_ID,VERSION_ID) VALUES ('OfficialStudentPeriodAttendance',597,45,4);
INSERT INTO data_object (OBJECT_NAME,OBJECT_ID,GROUP_ID,VERSION_ID) VALUES ('SectionMarkInfo',598,45,4);
INSERT INTO data_object (OBJECT_NAME,OBJECT_ID,GROUP_ID,VERSION_ID) VALUES ('StudentPeriodAttendance',599,45,4);
INSERT INTO data_object (OBJECT_NAME,OBJECT_ID,GROUP_ID,VERSION_ID) VALUES ('StudentSectionMarks',600,45,4);
INSERT INTO data_object (OBJECT_NAME,OBJECT_ID,GROUP_ID,VERSION_ID) VALUES ('AccountingPeriod',601,46,4);
INSERT INTO data_object (OBJECT_NAME,OBJECT_ID,GROUP_ID,VERSION_ID) VALUES ('Billing',602,46,4);
INSERT INTO data_object (OBJECT_NAME,OBJECT_ID,GROUP_ID,VERSION_ID) VALUES ('EmployeeAssignment',603,46,4);
INSERT INTO data_object (OBJECT_NAME,OBJECT_ID,GROUP_ID,VERSION_ID) VALUES ('EmployeeContract',604,46,4);
INSERT INTO data_object (OBJECT_NAME,OBJECT_ID,GROUP_ID,VERSION_ID) VALUES ('EmployeePersonal',605,46,4);
INSERT INTO data_object (OBJECT_NAME,OBJECT_ID,GROUP_ID,VERSION_ID) VALUES ('EmployeePicture',606,46,4);
INSERT INTO data_object (OBJECT_NAME,OBJECT_ID,GROUP_ID,VERSION_ID) VALUES ('EmployeeWage',607,46,4);
INSERT INTO data_object (OBJECT_NAME,OBJECT_ID,GROUP_ID,VERSION_ID) VALUES ('EmploymentRecord',608,46,4);
INSERT INTO data_object (OBJECT_NAME,OBJECT_ID,GROUP_ID,VERSION_ID) VALUES ('FinancialAccount',609,46,4);
INSERT INTO data_object (OBJECT_NAME,OBJECT_ID,GROUP_ID,VERSION_ID) VALUES ('FinancialAccountAccountingPeriodLocationInfo',610,46,4);
INSERT INTO data_object (OBJECT_NAME,OBJECT_ID,GROUP_ID,VERSION_ID) VALUES ('FinancialAnnual',611,46,4);
INSERT INTO data_object (OBJECT_NAME,OBJECT_ID,GROUP_ID,VERSION_ID) VALUES ('FinancialBudget',612,46,4);
INSERT INTO data_object (OBJECT_NAME,OBJECT_ID,GROUP_ID,VERSION_ID) VALUES ('FinancialClass',613,46,4);
INSERT INTO data_object (OBJECT_NAME,OBJECT_ID,GROUP_ID,VERSION_ID) VALUES ('FinancialIncomeStatement',614,46,4);
INSERT INTO data_object (OBJECT_NAME,OBJECT_ID,GROUP_ID,VERSION_ID) VALUES ('FinancialTransaction',615,46,4);
INSERT INTO data_object (OBJECT_NAME,OBJECT_ID,GROUP_ID,VERSION_ID) VALUES ('FiscalYear',616,46,4);
INSERT INTO data_object (OBJECT_NAME,OBJECT_ID,GROUP_ID,VERSION_ID) VALUES ('LocationInfo',617,46,4);
INSERT INTO data_object (OBJECT_NAME,OBJECT_ID,GROUP_ID,VERSION_ID) VALUES ('Payment',618,46,4);
INSERT INTO data_object (OBJECT_NAME,OBJECT_ID,GROUP_ID,VERSION_ID) VALUES ('Purchasing',619,46,4);
INSERT INTO data_object (OBJECT_NAME,OBJECT_ID,GROUP_ID,VERSION_ID) VALUES ('TimeWorked',620,46,4);
INSERT INTO data_object (OBJECT_NAME,OBJECT_ID,GROUP_ID,VERSION_ID) VALUES ('VendorInfo',621,46,4);
INSERT INTO data_object (OBJECT_NAME,OBJECT_ID,GROUP_ID,VERSION_ID) VALUES ('W4',622,46,4);
INSERT INTO data_object (OBJECT_NAME,OBJECT_ID,GROUP_ID,VERSION_ID) VALUES ('Authentication',623,47,4);
INSERT INTO data_object (OBJECT_NAME,OBJECT_ID,GROUP_ID,VERSION_ID) VALUES ('SIF_LogEntry',624,47,4);
INSERT INTO data_object (OBJECT_NAME,OBJECT_ID,GROUP_ID,VERSION_ID) VALUES ('Activity',625,48,4);
INSERT INTO data_object (OBJECT_NAME,OBJECT_ID,GROUP_ID,VERSION_ID) VALUES ('Assignment',626,48,4);
INSERT INTO data_object (OBJECT_NAME,OBJECT_ID,GROUP_ID,VERSION_ID) VALUES ('CurriculumStructure',627,48,4);
INSERT INTO data_object (OBJECT_NAME,OBJECT_ID,GROUP_ID,VERSION_ID) VALUES ('LearningResource',628,48,4);
INSERT INTO data_object (OBJECT_NAME,OBJECT_ID,GROUP_ID,VERSION_ID) VALUES ('LearningStandardDocument',629,48,4);
INSERT INTO data_object (OBJECT_NAME,OBJECT_ID,GROUP_ID,VERSION_ID) VALUES ('LearningStandardItem',630,48,4);
INSERT INTO data_object (OBJECT_NAME,OBJECT_ID,GROUP_ID,VERSION_ID) VALUES ('Lesson',631,48,4);
INSERT INTO data_object (OBJECT_NAME,OBJECT_ID,GROUP_ID,VERSION_ID) VALUES ('LibraryPatronStatus',632,49,4);
INSERT INTO data_object (OBJECT_NAME,OBJECT_ID,GROUP_ID,VERSION_ID) VALUES ('ActivityProvider',633,411,4);
INSERT INTO data_object (OBJECT_NAME,OBJECT_ID,GROUP_ID,VERSION_ID) VALUES ('EmployeeCredential',634,411,4);
INSERT INTO data_object (OBJECT_NAME,OBJECT_ID,GROUP_ID,VERSION_ID) VALUES ('EmployeeCredit',635,411,4);
INSERT INTO data_object (OBJECT_NAME,OBJECT_ID,GROUP_ID,VERSION_ID) VALUES ('EmployeeRecertification',636,411,4);
INSERT INTO data_object (OBJECT_NAME,OBJECT_ID,GROUP_ID,VERSION_ID) VALUES ('ProfessionalDevelopmentActivities',637,411,4);
INSERT INTO data_object (OBJECT_NAME,OBJECT_ID,GROUP_ID,VERSION_ID) VALUES ('StudentParticipation',638,412,4);
INSERT INTO data_object (OBJECT_NAME,OBJECT_ID,GROUP_ID,VERSION_ID) VALUES ('StudentPlacement',639,412,4);
INSERT INTO data_object (OBJECT_NAME,OBJECT_ID,GROUP_ID,VERSION_ID) VALUES ('TestAccommodation',640,412,4);
INSERT INTO data_object (OBJECT_NAME,OBJECT_ID,GROUP_ID,VERSION_ID) VALUES ('AttendanceCodeInfo',641,413,4);
INSERT INTO data_object (OBJECT_NAME,OBJECT_ID,GROUP_ID,VERSION_ID) VALUES ('CalendarDate',642,413,4);
INSERT INTO data_object (OBJECT_NAME,OBJECT_ID,GROUP_ID,VERSION_ID) VALUES ('CalendarSummary',643,413,4);
INSERT INTO data_object (OBJECT_NAME,OBJECT_ID,GROUP_ID,VERSION_ID) VALUES ('DisciplineIncident',644,413,4);
INSERT INTO data_object (OBJECT_NAME,OBJECT_ID,GROUP_ID,VERSION_ID) VALUES ('LEAInfo',645,413,4);
INSERT INTO data_object (OBJECT_NAME,OBJECT_ID,GROUP_ID,VERSION_ID) VALUES ('RoomInfo',646,413,4);
INSERT INTO data_object (OBJECT_NAME,OBJECT_ID,GROUP_ID,VERSION_ID) VALUES ('RoomType',647,413,4);
INSERT INTO data_object (OBJECT_NAME,OBJECT_ID,GROUP_ID,VERSION_ID) VALUES ('SchoolCourseInfo',648,413,4);
INSERT INTO data_object (OBJECT_NAME,OBJECT_ID,GROUP_ID,VERSION_ID) VALUES ('SchoolInfo',649,413,4);
INSERT INTO data_object (OBJECT_NAME,OBJECT_ID,GROUP_ID,VERSION_ID) VALUES ('SectionInfo',650,413,4);
INSERT INTO data_object (OBJECT_NAME,OBJECT_ID,GROUP_ID,VERSION_ID) VALUES ('StaffAssignment',651,413,4);
INSERT INTO data_object (OBJECT_NAME,OBJECT_ID,GROUP_ID,VERSION_ID) VALUES ('StaffPersonal',652,413,4);
INSERT INTO data_object (OBJECT_NAME,OBJECT_ID,GROUP_ID,VERSION_ID) VALUES ('StudentAttendanceSummary',653,413,4);
INSERT INTO data_object (OBJECT_NAME,OBJECT_ID,GROUP_ID,VERSION_ID) VALUES ('StudentContact',654,413,4);
INSERT INTO data_object (OBJECT_NAME,OBJECT_ID,GROUP_ID,VERSION_ID) VALUES ('StudentDailyAttendance',655,413,4);
INSERT INTO data_object (OBJECT_NAME,OBJECT_ID,GROUP_ID,VERSION_ID) VALUES ('StudentPersonal',656,413,4);
INSERT INTO data_object (OBJECT_NAME,OBJECT_ID,GROUP_ID,VERSION_ID) VALUES ('StudentPicture',657,413,4);
INSERT INTO data_object (OBJECT_NAME,OBJECT_ID,GROUP_ID,VERSION_ID) VALUES ('StudentSchoolEnrollment',658,413,4);
INSERT INTO data_object (OBJECT_NAME,OBJECT_ID,GROUP_ID,VERSION_ID) VALUES ('StudentSectionEnrollment',659,413,4);
INSERT INTO data_object (OBJECT_NAME,OBJECT_ID,GROUP_ID,VERSION_ID) VALUES ('StudentSnapshot',660,413,4);
INSERT INTO data_object (OBJECT_NAME,OBJECT_ID,GROUP_ID,VERSION_ID) VALUES ('TermInfo',661,413,4);
INSERT INTO data_object (OBJECT_NAME,OBJECT_ID,GROUP_ID,VERSION_ID) VALUES ('StudentRecordExchange',662,413,4);
INSERT INTO data_object (OBJECT_NAME,OBJECT_ID,GROUP_ID,VERSION_ID) VALUES ('StudentDemographicRecord',663,413,4);
INSERT INTO data_object (OBJECT_NAME,OBJECT_ID,GROUP_ID,VERSION_ID) VALUES ('StudentAcademicRecord',664,413,4);
INSERT INTO data_object (OBJECT_NAME,OBJECT_ID,GROUP_ID,VERSION_ID) VALUES ('StudentSpecialEducationRecord',665,413,4);
INSERT INTO data_object (OBJECT_NAME,OBJECT_ID,GROUP_ID,VERSION_ID) VALUES ('StudentRecordPackage',666,413,4);
INSERT INTO data_object (OBJECT_NAME,OBJECT_ID,GROUP_ID,VERSION_ID) VALUES ('BusEquipment',667,415,4);
INSERT INTO data_object (OBJECT_NAME,OBJECT_ID,GROUP_ID,VERSION_ID) VALUES ('BusInfo',668,415,4);
INSERT INTO data_object (OBJECT_NAME,OBJECT_ID,GROUP_ID,VERSION_ID) VALUES ('BusPositionInfo',669,415,4);
INSERT INTO data_object (OBJECT_NAME,OBJECT_ID,GROUP_ID,VERSION_ID) VALUES ('BusRouteDetail',670,415,4);
INSERT INTO data_object (OBJECT_NAME,OBJECT_ID,GROUP_ID,VERSION_ID) VALUES ('BusRouteInfo',671,415,4);
INSERT INTO data_object (OBJECT_NAME,OBJECT_ID,GROUP_ID,VERSION_ID) VALUES ('BusStopInfo',672,415,4);
INSERT INTO data_object (OBJECT_NAME,OBJECT_ID,GROUP_ID,VERSION_ID) VALUES ('StudentTransportInfo',673,415,4);
INSERT INTO data_object (OBJECT_NAME,OBJECT_ID,GROUP_ID,VERSION_ID) VALUES ('ReportAuthorityInfo',674,416,4);
INSERT INTO data_object (OBJECT_NAME,OBJECT_ID,GROUP_ID,VERSION_ID) VALUES ('ReportManifest',675,416,4);
INSERT INTO data_object (OBJECT_NAME,OBJECT_ID,GROUP_ID,VERSION_ID) VALUES ('SIF_ReportObject',676,416,4);
INSERT INTO data_object (OBJECT_NAME,OBJECT_ID,GROUP_ID,VERSION_ID) VALUES ('StudentLocator',677,416,4);
INSERT INTO data_object (OBJECT_NAME,OBJECT_ID,GROUP_ID,VERSION_ID) VALUES ('CalendarDate',678,3100,310);
INSERT INTO data_object (OBJECT_NAME,OBJECT_ID,GROUP_ID,VERSION_ID) VALUES ('CalendarSummary',679,3100,310);
INSERT INTO data_object (OBJECT_NAME,OBJECT_ID,GROUP_ID,VERSION_ID) VALUES ('Identity',680,3100,310);
INSERT INTO data_object (OBJECT_NAME,OBJECT_ID,GROUP_ID,VERSION_ID) VALUES ('LEAInfo',681,3100,310);
INSERT INTO data_object (OBJECT_NAME,OBJECT_ID,GROUP_ID,VERSION_ID) VALUES ('PersonPicture',682,3100,310);
INSERT INTO data_object (OBJECT_NAME,OBJECT_ID,GROUP_ID,VERSION_ID) VALUES ('ReportAuthorityInfo',683,3100,310);
INSERT INTO data_object (OBJECT_NAME,OBJECT_ID,GROUP_ID,VERSION_ID) VALUES ('ReportManifest',684,3100,310);
INSERT INTO data_object (OBJECT_NAME,OBJECT_ID,GROUP_ID,VERSION_ID) VALUES ('RoomInfo',685,3100,310);
INSERT INTO data_object (OBJECT_NAME,OBJECT_ID,GROUP_ID,VERSION_ID) VALUES ('SchoolCourseInfo',686,3100,310);
INSERT INTO data_object (OBJECT_NAME,OBJECT_ID,GROUP_ID,VERSION_ID) VALUES ('SchoolInfo',687,3100,310);
INSERT INTO data_object (OBJECT_NAME,OBJECT_ID,GROUP_ID,VERSION_ID) VALUES ('SchoolPrograms',688,3100,310);
INSERT INTO data_object (OBJECT_NAME,OBJECT_ID,GROUP_ID,VERSION_ID) VALUES ('SessionInfo',689,3100,310);
INSERT INTO data_object (OBJECT_NAME,OBJECT_ID,GROUP_ID,VERSION_ID) VALUES ('SIF_ReportObject',690,3100,310);
INSERT INTO data_object (OBJECT_NAME,OBJECT_ID,GROUP_ID,VERSION_ID) VALUES ('StaffAssignment',691,3100,310);
INSERT INTO data_object (OBJECT_NAME,OBJECT_ID,GROUP_ID,VERSION_ID) VALUES ('StaffPersonal',692,3100,310);
INSERT INTO data_object (OBJECT_NAME,OBJECT_ID,GROUP_ID,VERSION_ID) VALUES ('StudentActivityInfo',693,3100,310);
INSERT INTO data_object (OBJECT_NAME,OBJECT_ID,GROUP_ID,VERSION_ID) VALUES ('StudentActivityParticipation',694,3100,310);
INSERT INTO data_object (OBJECT_NAME,OBJECT_ID,GROUP_ID,VERSION_ID) VALUES ('StudentAttendanceSummary',695,3100,310);
INSERT INTO data_object (OBJECT_NAME,OBJECT_ID,GROUP_ID,VERSION_ID) VALUES ('StudentContactPersonal',696,3100,310);
INSERT INTO data_object (OBJECT_NAME,OBJECT_ID,GROUP_ID,VERSION_ID) VALUES ('StudentContactRelationship',697,3100,310);
INSERT INTO data_object (OBJECT_NAME,OBJECT_ID,GROUP_ID,VERSION_ID) VALUES ('StudentDailyAttendance',698,3100,310);
INSERT INTO data_object (OBJECT_NAME,OBJECT_ID,GROUP_ID,VERSION_ID) VALUES ('StudentParticipation',699,3100,310);
INSERT INTO data_object (OBJECT_NAME,OBJECT_ID,GROUP_ID,VERSION_ID) VALUES ('StudentPeriodAttendance',700,3100,310);
INSERT INTO data_object (OBJECT_NAME,OBJECT_ID,GROUP_ID,VERSION_ID) VALUES ('StudentPersonal',701,3100,310);
INSERT INTO data_object (OBJECT_NAME,OBJECT_ID,GROUP_ID,VERSION_ID) VALUES ('StudentSchoolEnrollment',702,3100,310);
INSERT INTO data_object (OBJECT_NAME,OBJECT_ID,GROUP_ID,VERSION_ID) VALUES ('StudentSDTN',703,3100,310);
INSERT INTO data_object (OBJECT_NAME,OBJECT_ID,GROUP_ID,VERSION_ID) VALUES ('StudentSnapshot',704,3100,310);
INSERT INTO data_object (OBJECT_NAME,OBJECT_ID,GROUP_ID,VERSION_ID) VALUES ('SummaryEnrollmentInfo',705,3100,310);
INSERT INTO data_object (OBJECT_NAME,OBJECT_ID,GROUP_ID,VERSION_ID) VALUES ('TeachingGroup',706,3100,310);
INSERT INTO data_object (OBJECT_NAME,OBJECT_ID,GROUP_ID,VERSION_ID) VALUES ('TermInfo',707,3100,310);
INSERT INTO data_object (OBJECT_NAME,OBJECT_ID,GROUP_ID,VERSION_ID) VALUES ('TimeTable',708,3100,310);
INSERT INTO data_object (OBJECT_NAME,OBJECT_ID,GROUP_ID,VERSION_ID) VALUES ('TimeTableCell',709,3100,310);
INSERT INTO data_object (OBJECT_NAME,OBJECT_ID,GROUP_ID,VERSION_ID) VALUES ('TimeTableSubject',710,3100,310);


INSERT INTO context (CONTEXT_ID,CONTEXT_DESC) VALUES (1,'SIF_Default');

INSERT INTO agent_modes (AGENT_MODE_ID,MODE_DESC) VALUES (1,'Push');
INSERT INTO agent_modes (AGENT_MODE_ID,MODE_DESC) VALUES (2,'Pull');

INSERT INTO admin_level (LEVEL_ID,LEVEL_DESC) VALUES (1,'Super Admin');
INSERT INTO admin_level (LEVEL_ID,LEVEL_DESC) VALUES (2,'Member');

